"","date","primary","secondary","occasion"
"1",2018-11-02,"2018_dry",1,"2018_dry-01"
"2",2018-11-03,"2018_dry",1,"2018_dry-01"
"3",2018-11-04,"2018_dry",1,"2018_dry-01"
"4",2018-11-05,"2018_dry",1,"2018_dry-01"
"5",2018-11-06,"2018_dry",1,"2018_dry-01"
"6",2018-11-07,"2018_dry",1,"2018_dry-01"
"7",2018-11-08,"2018_dry",1,"2018_dry-01"
"8",2018-11-09,"2018_dry",2,"2018_dry-02"
"9",2018-11-10,"2018_dry",2,"2018_dry-02"
"10",2018-11-11,"2018_dry",2,"2018_dry-02"
"11",2018-11-12,"2018_dry",2,"2018_dry-02"
"12",2018-11-13,"2018_dry",2,"2018_dry-02"
"13",2018-11-14,"2018_dry",2,"2018_dry-02"
"14",2018-11-15,"2018_dry",2,"2018_dry-02"
"15",2018-11-16,"2018_dry",3,"2018_dry-03"
"16",2018-11-17,"2018_dry",3,"2018_dry-03"
"17",2018-11-18,"2018_dry",3,"2018_dry-03"
"18",2018-11-19,"2018_dry",3,"2018_dry-03"
"19",2018-11-20,"2018_dry",3,"2018_dry-03"
"20",2018-11-21,"2018_dry",3,"2018_dry-03"
"21",2018-11-22,"2018_dry",3,"2018_dry-03"
"22",2018-11-23,"2018_dry",4,"2018_dry-04"
"23",2018-11-24,"2018_dry",4,"2018_dry-04"
"24",2018-11-25,"2018_dry",4,"2018_dry-04"
"25",2018-11-26,"2018_dry",4,"2018_dry-04"
"26",2018-11-27,"2018_dry",4,"2018_dry-04"
"27",2018-11-28,"2018_dry",4,"2018_dry-04"
"28",2018-11-29,"2018_dry",4,"2018_dry-04"
"29",2018-11-30,"2018_dry",5,"2018_dry-05"
"30",2018-12-01,"2019_wet",1,"2019_wet-01"
"31",2018-12-02,"2019_wet",1,"2019_wet-01"
"32",2018-12-03,"2019_wet",1,"2019_wet-01"
"33",2018-12-04,"2019_wet",1,"2019_wet-01"
"34",2018-12-05,"2019_wet",1,"2019_wet-01"
"35",2018-12-06,"2019_wet",1,"2019_wet-01"
"36",2018-12-07,"2019_wet",1,"2019_wet-01"
"37",2018-12-08,"2019_wet",2,"2019_wet-02"
"38",2018-12-09,"2019_wet",2,"2019_wet-02"
"39",2018-12-10,"2019_wet",2,"2019_wet-02"
"40",2018-12-11,"2019_wet",2,"2019_wet-02"
"41",2018-12-12,"2019_wet",2,"2019_wet-02"
"42",2018-12-13,"2019_wet",2,"2019_wet-02"
"43",2018-12-14,"2019_wet",2,"2019_wet-02"
"44",2018-12-15,"2019_wet",3,"2019_wet-03"
"45",2018-12-16,"2019_wet",3,"2019_wet-03"
"46",2018-12-17,"2019_wet",3,"2019_wet-03"
"47",2018-12-18,"2019_wet",3,"2019_wet-03"
"48",2018-12-19,"2019_wet",3,"2019_wet-03"
"49",2018-12-20,"2019_wet",3,"2019_wet-03"
"50",2018-12-21,"2019_wet",3,"2019_wet-03"
"51",2018-12-22,"2019_wet",4,"2019_wet-04"
"52",2018-12-23,"2019_wet",4,"2019_wet-04"
"53",2018-12-24,"2019_wet",4,"2019_wet-04"
"54",2018-12-25,"2019_wet",4,"2019_wet-04"
"55",2018-12-26,"2019_wet",4,"2019_wet-04"
"56",2018-12-27,"2019_wet",4,"2019_wet-04"
"57",2018-12-28,"2019_wet",4,"2019_wet-04"
"58",2018-12-29,"2019_wet",5,"2019_wet-05"
"59",2018-12-30,"2019_wet",5,"2019_wet-05"
"60",2018-12-31,"2019_wet",5,"2019_wet-05"
"61",2019-01-01,"2019_wet",5,"2019_wet-05"
"62",2019-01-02,"2019_wet",5,"2019_wet-05"
"63",2019-01-03,"2019_wet",5,"2019_wet-05"
"64",2019-01-04,"2019_wet",5,"2019_wet-05"
"65",2019-01-05,"2019_wet",6,"2019_wet-06"
"66",2019-01-06,"2019_wet",6,"2019_wet-06"
"67",2019-01-07,"2019_wet",6,"2019_wet-06"
"68",2019-01-08,"2019_wet",6,"2019_wet-06"
"69",2019-01-09,"2019_wet",6,"2019_wet-06"
"70",2019-01-10,"2019_wet",6,"2019_wet-06"
"71",2019-01-11,"2019_wet",6,"2019_wet-06"
"72",2019-01-12,"2019_wet",7,"2019_wet-07"
"73",2019-01-13,"2019_wet",7,"2019_wet-07"
"74",2019-01-14,"2019_wet",7,"2019_wet-07"
"75",2019-01-15,"2019_wet",7,"2019_wet-07"
"76",2019-01-16,"2019_wet",7,"2019_wet-07"
"77",2019-01-17,"2019_wet",7,"2019_wet-07"
"78",2019-01-18,"2019_wet",7,"2019_wet-07"
"79",2019-01-19,"2019_wet",8,"2019_wet-08"
"80",2019-01-20,"2019_wet",8,"2019_wet-08"
"81",2019-01-21,"2019_wet",8,"2019_wet-08"
"82",2019-01-22,"2019_wet",8,"2019_wet-08"
"83",2019-01-23,"2019_wet",8,"2019_wet-08"
"84",2019-01-24,"2019_wet",8,"2019_wet-08"
"85",2019-01-25,"2019_wet",8,"2019_wet-08"
"86",2019-01-26,"2019_wet",9,"2019_wet-09"
"87",2019-01-27,"2019_wet",9,"2019_wet-09"
"88",2019-01-28,"2019_wet",9,"2019_wet-09"
"89",2019-01-29,"2019_wet",9,"2019_wet-09"
"90",2019-01-30,"2019_wet",9,"2019_wet-09"
"91",2019-01-31,"2019_wet",9,"2019_wet-09"
"92",2019-02-01,"2019_wet",9,"2019_wet-09"
"93",2019-02-02,"2019_wet",10,"2019_wet-10"
"94",2019-02-03,"2019_wet",10,"2019_wet-10"
"95",2019-02-04,"2019_wet",10,"2019_wet-10"
"96",2019-02-05,"2019_wet",10,"2019_wet-10"
"97",2019-02-06,"2019_wet",10,"2019_wet-10"
"98",2019-02-07,"2019_wet",10,"2019_wet-10"
"99",2019-02-08,"2019_wet",10,"2019_wet-10"
"100",2019-02-09,"2019_wet",11,"2019_wet-11"
"101",2019-02-10,"2019_wet",11,"2019_wet-11"
"102",2019-02-11,"2019_wet",11,"2019_wet-11"
"103",2019-02-12,"2019_wet",11,"2019_wet-11"
"104",2019-02-13,"2019_wet",11,"2019_wet-11"
"105",2019-02-14,"2019_wet",11,"2019_wet-11"
"106",2019-02-15,"2019_wet",11,"2019_wet-11"
"107",2019-02-16,"2019_wet",12,"2019_wet-12"
"108",2019-02-17,"2019_wet",12,"2019_wet-12"
"109",2019-02-18,"2019_wet",12,"2019_wet-12"
"110",2019-02-19,"2019_wet",12,"2019_wet-12"
"111",2019-02-20,"2019_wet",12,"2019_wet-12"
"112",2019-02-21,"2019_wet",12,"2019_wet-12"
"113",2019-02-22,"2019_wet",12,"2019_wet-12"
"114",2019-02-23,"2019_wet",13,"2019_wet-13"
"115",2019-02-24,"2019_wet",13,"2019_wet-13"
"116",2019-02-25,"2019_wet",13,"2019_wet-13"
"117",2019-02-26,"2019_wet",13,"2019_wet-13"
"118",2019-02-27,"2019_wet",13,"2019_wet-13"
"119",2019-02-28,"2019_wet",13,"2019_wet-13"
"120",2019-03-01,"2019_wet",13,"2019_wet-13"
"121",2019-03-02,"2019_wet",14,"2019_wet-14"
"122",2019-03-03,"2019_wet",14,"2019_wet-14"
"123",2019-03-04,"2019_wet",14,"2019_wet-14"
"124",2019-03-05,"2019_wet",14,"2019_wet-14"
"125",2019-03-06,"2019_wet",14,"2019_wet-14"
"126",2019-03-07,"2019_wet",14,"2019_wet-14"
"127",2019-03-08,"2019_wet",14,"2019_wet-14"
"128",2019-03-09,"2019_wet",15,"2019_wet-15"
"129",2019-03-10,"2019_wet",15,"2019_wet-15"
"130",2019-03-11,"2019_wet",15,"2019_wet-15"
"131",2019-03-12,"2019_wet",15,"2019_wet-15"
"132",2019-03-13,"2019_wet",15,"2019_wet-15"
"133",2019-03-14,"2019_wet",15,"2019_wet-15"
"134",2019-03-15,"2019_wet",15,"2019_wet-15"
"135",2019-03-16,"2019_wet",16,"2019_wet-16"
"136",2019-03-17,"2019_wet",16,"2019_wet-16"
"137",2019-03-18,"2019_wet",16,"2019_wet-16"
"138",2019-03-19,"2019_wet",16,"2019_wet-16"
"139",2019-03-20,"2019_wet",16,"2019_wet-16"
"140",2019-03-21,"2019_wet",16,"2019_wet-16"
"141",2019-03-22,"2019_wet",16,"2019_wet-16"
"142",2019-03-23,"2019_wet",17,"2019_wet-17"
"143",2019-03-24,"2019_wet",17,"2019_wet-17"
"144",2019-03-25,"2019_wet",17,"2019_wet-17"
"145",2019-03-26,"2019_wet",17,"2019_wet-17"
"146",2019-03-27,"2019_wet",17,"2019_wet-17"
"147",2019-03-28,"2019_wet",17,"2019_wet-17"
"148",2019-03-29,"2019_wet",17,"2019_wet-17"
"149",2019-03-30,"2019_wet",18,"2019_wet-18"
"150",2019-03-31,"2019_wet",18,"2019_wet-18"
"151",2019-04-01,"2019_wet",18,"2019_wet-18"
"152",2019-04-02,"2019_wet",18,"2019_wet-18"
"153",2019-04-03,"2019_wet",18,"2019_wet-18"
"154",2019-04-04,"2019_wet",18,"2019_wet-18"
"155",2019-04-05,"2019_wet",18,"2019_wet-18"
"156",2019-04-06,"2019_wet",19,"2019_wet-19"
"157",2019-04-07,"2019_wet",19,"2019_wet-19"
"158",2019-04-08,"2019_wet",19,"2019_wet-19"
"159",2019-04-09,"2019_wet",19,"2019_wet-19"
"160",2019-04-10,"2019_wet",19,"2019_wet-19"
"161",2019-04-11,"2019_wet",19,"2019_wet-19"
"162",2019-04-12,"2019_wet",19,"2019_wet-19"
"163",2019-04-13,"2019_wet",20,"2019_wet-20"
"164",2019-04-14,"2019_wet",20,"2019_wet-20"
"165",2019-04-15,"2019_wet",20,"2019_wet-20"
"166",2019-04-16,"2019_wet",20,"2019_wet-20"
"167",2019-04-17,"2019_wet",20,"2019_wet-20"
"168",2019-04-18,"2019_wet",20,"2019_wet-20"
"169",2019-04-19,"2019_wet",20,"2019_wet-20"
"170",2019-04-20,"2019_wet",21,"2019_wet-21"
"171",2019-04-21,"2019_wet",21,"2019_wet-21"
"172",2019-04-22,"2019_wet",21,"2019_wet-21"
"173",2019-04-23,"2019_wet",21,"2019_wet-21"
"174",2019-04-24,"2019_wet",21,"2019_wet-21"
"175",2019-04-25,"2019_wet",21,"2019_wet-21"
"176",2019-04-26,"2019_wet",21,"2019_wet-21"
"177",2019-04-27,"2019_wet",22,"2019_wet-22"
"178",2019-04-28,"2019_wet",22,"2019_wet-22"
"179",2019-04-29,"2019_wet",22,"2019_wet-22"
"180",2019-04-30,"2019_wet",22,"2019_wet-22"
"181",2019-05-01,"2019_cool",1,"2019_cool-01"
"182",2019-05-02,"2019_cool",1,"2019_cool-01"
"183",2019-05-03,"2019_cool",1,"2019_cool-01"
"184",2019-05-04,"2019_cool",1,"2019_cool-01"
"185",2019-05-05,"2019_cool",1,"2019_cool-01"
"186",2019-05-06,"2019_cool",1,"2019_cool-01"
"187",2019-05-07,"2019_cool",1,"2019_cool-01"
"188",2019-05-08,"2019_cool",2,"2019_cool-02"
"189",2019-05-09,"2019_cool",2,"2019_cool-02"
"190",2019-05-10,"2019_cool",2,"2019_cool-02"
"191",2019-05-11,"2019_cool",2,"2019_cool-02"
"192",2019-05-12,"2019_cool",2,"2019_cool-02"
"193",2019-05-13,"2019_cool",2,"2019_cool-02"
"194",2019-05-14,"2019_cool",2,"2019_cool-02"
"195",2019-05-15,"2019_cool",3,"2019_cool-03"
"196",2019-05-16,"2019_cool",3,"2019_cool-03"
"197",2019-05-17,"2019_cool",3,"2019_cool-03"
"198",2019-05-18,"2019_cool",3,"2019_cool-03"
"199",2019-05-19,"2019_cool",3,"2019_cool-03"
"200",2019-05-20,"2019_cool",3,"2019_cool-03"
"201",2019-05-21,"2019_cool",3,"2019_cool-03"
"202",2019-05-22,"2019_cool",4,"2019_cool-04"
"203",2019-05-23,"2019_cool",4,"2019_cool-04"
"204",2019-05-24,"2019_cool",4,"2019_cool-04"
"205",2019-05-25,"2019_cool",4,"2019_cool-04"
"206",2019-05-26,"2019_cool",4,"2019_cool-04"
"207",2019-05-27,"2019_cool",4,"2019_cool-04"
"208",2019-05-28,"2019_cool",4,"2019_cool-04"
"209",2019-05-29,"2019_cool",5,"2019_cool-05"
"210",2019-05-30,"2019_cool",5,"2019_cool-05"
"211",2019-05-31,"2019_cool",5,"2019_cool-05"
"212",2019-06-01,"2019_cool",5,"2019_cool-05"
"213",2019-06-02,"2019_cool",5,"2019_cool-05"
"214",2019-06-03,"2019_cool",5,"2019_cool-05"
"215",2019-06-04,"2019_cool",5,"2019_cool-05"
"216",2019-06-05,"2019_cool",6,"2019_cool-06"
"217",2019-06-06,"2019_cool",6,"2019_cool-06"
"218",2019-06-07,"2019_cool",6,"2019_cool-06"
"219",2019-06-08,"2019_cool",6,"2019_cool-06"
"220",2019-06-09,"2019_cool",6,"2019_cool-06"
"221",2019-06-10,"2019_cool",6,"2019_cool-06"
"222",2019-06-11,"2019_cool",6,"2019_cool-06"
"223",2019-06-12,"2019_cool",7,"2019_cool-07"
"224",2019-06-13,"2019_cool",7,"2019_cool-07"
"225",2019-06-14,"2019_cool",7,"2019_cool-07"
"226",2019-06-15,"2019_cool",7,"2019_cool-07"
"227",2019-06-16,"2019_cool",7,"2019_cool-07"
"228",2019-06-17,"2019_cool",7,"2019_cool-07"
"229",2019-06-18,"2019_cool",7,"2019_cool-07"
"230",2019-06-19,"2019_cool",8,"2019_cool-08"
"231",2019-06-20,"2019_cool",8,"2019_cool-08"
"232",2019-06-21,"2019_cool",8,"2019_cool-08"
"233",2019-06-22,"2019_cool",8,"2019_cool-08"
"234",2019-06-23,"2019_cool",8,"2019_cool-08"
"235",2019-06-24,"2019_cool",8,"2019_cool-08"
"236",2019-06-25,"2019_cool",8,"2019_cool-08"
"237",2019-06-26,"2019_cool",9,"2019_cool-09"
"238",2019-06-27,"2019_cool",9,"2019_cool-09"
"239",2019-06-28,"2019_cool",9,"2019_cool-09"
"240",2019-06-29,"2019_cool",9,"2019_cool-09"
"241",2019-06-30,"2019_cool",9,"2019_cool-09"
"242",2019-07-01,"2019_cool",9,"2019_cool-09"
"243",2019-07-02,"2019_cool",9,"2019_cool-09"
"244",2019-07-03,"2019_cool",10,"2019_cool-10"
"245",2019-07-04,"2019_cool",10,"2019_cool-10"
"246",2019-07-05,"2019_cool",10,"2019_cool-10"
"247",2019-07-06,"2019_cool",10,"2019_cool-10"
"248",2019-07-07,"2019_cool",10,"2019_cool-10"
"249",2019-07-08,"2019_cool",10,"2019_cool-10"
"250",2019-07-09,"2019_cool",10,"2019_cool-10"
"251",2019-07-10,"2019_cool",11,"2019_cool-11"
"252",2019-07-11,"2019_cool",11,"2019_cool-11"
"253",2019-07-12,"2019_cool",11,"2019_cool-11"
"254",2019-07-13,"2019_cool",11,"2019_cool-11"
"255",2019-07-14,"2019_cool",11,"2019_cool-11"
"256",2019-07-15,"2019_cool",11,"2019_cool-11"
"257",2019-07-16,"2019_cool",11,"2019_cool-11"
"258",2019-07-17,"2019_cool",12,"2019_cool-12"
"259",2019-07-18,"2019_cool",12,"2019_cool-12"
"260",2019-07-19,"2019_cool",12,"2019_cool-12"
"261",2019-07-20,"2019_cool",12,"2019_cool-12"
"262",2019-07-21,"2019_cool",12,"2019_cool-12"
"263",2019-07-22,"2019_cool",12,"2019_cool-12"
"264",2019-07-23,"2019_cool",12,"2019_cool-12"
"265",2019-07-24,"2019_cool",13,"2019_cool-13"
"266",2019-07-25,"2019_cool",13,"2019_cool-13"
"267",2019-07-26,"2019_cool",13,"2019_cool-13"
"268",2019-07-27,"2019_cool",13,"2019_cool-13"
"269",2019-07-28,"2019_cool",13,"2019_cool-13"
"270",2019-07-29,"2019_cool",13,"2019_cool-13"
"271",2019-07-30,"2019_cool",13,"2019_cool-13"
"272",2019-07-31,"2019_cool",14,"2019_cool-14"
"273",2019-08-01,"2019_dry",1,"2019_dry-01"
"274",2019-08-02,"2019_dry",1,"2019_dry-01"
"275",2019-08-03,"2019_dry",1,"2019_dry-01"
"276",2019-08-04,"2019_dry",1,"2019_dry-01"
"277",2019-08-05,"2019_dry",1,"2019_dry-01"
"278",2019-08-06,"2019_dry",1,"2019_dry-01"
"279",2019-08-07,"2019_dry",1,"2019_dry-01"
"280",2019-08-08,"2019_dry",2,"2019_dry-02"
"281",2019-08-09,"2019_dry",2,"2019_dry-02"
"282",2019-08-10,"2019_dry",2,"2019_dry-02"
"283",2019-08-11,"2019_dry",2,"2019_dry-02"
"284",2019-08-12,"2019_dry",2,"2019_dry-02"
"285",2019-08-13,"2019_dry",2,"2019_dry-02"
"286",2019-08-14,"2019_dry",2,"2019_dry-02"
"287",2019-08-15,"2019_dry",3,"2019_dry-03"
"288",2019-08-16,"2019_dry",3,"2019_dry-03"
"289",2019-08-17,"2019_dry",3,"2019_dry-03"
"290",2019-08-18,"2019_dry",3,"2019_dry-03"
"291",2019-08-19,"2019_dry",3,"2019_dry-03"
"292",2019-08-20,"2019_dry",3,"2019_dry-03"
"293",2019-08-21,"2019_dry",3,"2019_dry-03"
"294",2019-08-22,"2019_dry",4,"2019_dry-04"
"295",2019-08-23,"2019_dry",4,"2019_dry-04"
"296",2019-08-24,"2019_dry",4,"2019_dry-04"
"297",2019-08-25,"2019_dry",4,"2019_dry-04"
"298",2019-08-26,"2019_dry",4,"2019_dry-04"
"299",2019-08-27,"2019_dry",4,"2019_dry-04"
"300",2019-08-28,"2019_dry",4,"2019_dry-04"
"301",2019-08-29,"2019_dry",5,"2019_dry-05"
"302",2019-08-30,"2019_dry",5,"2019_dry-05"
"303",2019-08-31,"2019_dry",5,"2019_dry-05"
"304",2019-09-01,"2019_dry",5,"2019_dry-05"
"305",2019-09-02,"2019_dry",5,"2019_dry-05"
"306",2019-09-03,"2019_dry",5,"2019_dry-05"
"307",2019-09-04,"2019_dry",5,"2019_dry-05"
"308",2019-09-05,"2019_dry",6,"2019_dry-06"
"309",2019-09-06,"2019_dry",6,"2019_dry-06"
"310",2019-09-07,"2019_dry",6,"2019_dry-06"
"311",2019-09-08,"2019_dry",6,"2019_dry-06"
"312",2019-09-09,"2019_dry",6,"2019_dry-06"
"313",2019-09-10,"2019_dry",6,"2019_dry-06"
"314",2019-09-11,"2019_dry",6,"2019_dry-06"
"315",2019-09-12,"2019_dry",7,"2019_dry-07"
"316",2019-09-13,"2019_dry",7,"2019_dry-07"
"317",2019-09-14,"2019_dry",7,"2019_dry-07"
"318",2019-09-15,"2019_dry",7,"2019_dry-07"
"319",2019-09-16,"2019_dry",7,"2019_dry-07"
"320",2019-09-17,"2019_dry",7,"2019_dry-07"
"321",2019-09-18,"2019_dry",7,"2019_dry-07"
"322",2019-09-19,"2019_dry",8,"2019_dry-08"
"323",2019-09-20,"2019_dry",8,"2019_dry-08"
"324",2019-09-21,"2019_dry",8,"2019_dry-08"
"325",2019-09-22,"2019_dry",8,"2019_dry-08"
"326",2019-09-23,"2019_dry",8,"2019_dry-08"
"327",2019-09-24,"2019_dry",8,"2019_dry-08"
"328",2019-09-25,"2019_dry",8,"2019_dry-08"
"329",2019-09-26,"2019_dry",9,"2019_dry-09"
"330",2019-09-27,"2019_dry",9,"2019_dry-09"
"331",2019-09-28,"2019_dry",9,"2019_dry-09"
"332",2019-09-29,"2019_dry",9,"2019_dry-09"
"333",2019-09-30,"2019_dry",9,"2019_dry-09"
"334",2019-10-01,"2019_dry",9,"2019_dry-09"
"335",2019-10-02,"2019_dry",9,"2019_dry-09"
"336",2019-10-03,"2019_dry",10,"2019_dry-10"
"337",2019-10-04,"2019_dry",10,"2019_dry-10"
"338",2019-10-05,"2019_dry",10,"2019_dry-10"
"339",2019-10-06,"2019_dry",10,"2019_dry-10"
"340",2019-10-07,"2019_dry",10,"2019_dry-10"
"341",2019-10-08,"2019_dry",10,"2019_dry-10"
"342",2019-10-09,"2019_dry",10,"2019_dry-10"
"343",2019-10-10,"2019_dry",11,"2019_dry-11"
"344",2019-10-11,"2019_dry",11,"2019_dry-11"
"345",2019-10-12,"2019_dry",11,"2019_dry-11"
"346",2019-10-13,"2019_dry",11,"2019_dry-11"
"347",2019-10-14,"2019_dry",11,"2019_dry-11"
"348",2019-10-15,"2019_dry",11,"2019_dry-11"
"349",2019-10-16,"2019_dry",11,"2019_dry-11"
"350",2019-10-17,"2019_dry",12,"2019_dry-12"
"351",2019-10-18,"2019_dry",12,"2019_dry-12"
"352",2019-10-19,"2019_dry",12,"2019_dry-12"
"353",2019-10-20,"2019_dry",12,"2019_dry-12"
"354",2019-10-21,"2019_dry",12,"2019_dry-12"
"355",2019-10-22,"2019_dry",12,"2019_dry-12"
"356",2019-10-23,"2019_dry",12,"2019_dry-12"
"357",2019-10-24,"2019_dry",13,"2019_dry-13"
"358",2019-10-25,"2019_dry",13,"2019_dry-13"
"359",2019-10-26,"2019_dry",13,"2019_dry-13"
"360",2019-10-27,"2019_dry",13,"2019_dry-13"
"361",2019-10-28,"2019_dry",13,"2019_dry-13"
"362",2019-10-29,"2019_dry",13,"2019_dry-13"
"363",2019-10-30,"2019_dry",13,"2019_dry-13"
"364",2019-10-31,"2019_dry",14,"2019_dry-14"
"365",2019-11-01,"2019_dry",14,"2019_dry-14"
"366",2019-11-02,"2019_dry",14,"2019_dry-14"
"367",2019-11-03,"2019_dry",14,"2019_dry-14"
"368",2019-11-04,"2019_dry",14,"2019_dry-14"
"369",2019-11-05,"2019_dry",14,"2019_dry-14"
"370",2019-11-06,"2019_dry",14,"2019_dry-14"
"371",2019-11-07,"2019_dry",15,"2019_dry-15"
"372",2019-11-08,"2019_dry",15,"2019_dry-15"
"373",2019-11-09,"2019_dry",15,"2019_dry-15"
"374",2019-11-10,"2019_dry",15,"2019_dry-15"
"375",2019-11-11,"2019_dry",15,"2019_dry-15"
"376",2019-11-12,"2019_dry",15,"2019_dry-15"
"377",2019-11-13,"2019_dry",15,"2019_dry-15"
"378",2019-11-14,"2019_dry",16,"2019_dry-16"
"379",2019-11-15,"2019_dry",16,"2019_dry-16"
"380",2019-11-16,"2019_dry",16,"2019_dry-16"
"381",2019-11-17,"2019_dry",16,"2019_dry-16"
"382",2019-11-18,"2019_dry",16,"2019_dry-16"
"383",2019-11-19,"2019_dry",16,"2019_dry-16"
"384",2019-11-20,"2019_dry",16,"2019_dry-16"
"385",2019-11-21,"2019_dry",17,"2019_dry-17"
"386",2019-11-22,"2019_dry",17,"2019_dry-17"
"387",2019-11-23,"2019_dry",17,"2019_dry-17"
"388",2019-11-24,"2019_dry",17,"2019_dry-17"
"389",2019-11-25,"2019_dry",17,"2019_dry-17"
"390",2019-11-26,"2019_dry",17,"2019_dry-17"
"391",2019-11-27,"2019_dry",17,"2019_dry-17"
"392",2019-11-28,"2019_dry",18,"2019_dry-18"
"393",2019-11-29,"2019_dry",18,"2019_dry-18"
"394",2019-11-30,"2019_dry",18,"2019_dry-18"
"395",2019-12-01,"2020_wet",1,"2020_wet-01"
"396",2019-12-02,"2020_wet",1,"2020_wet-01"
"397",2019-12-03,"2020_wet",1,"2020_wet-01"
"398",2019-12-04,"2020_wet",1,"2020_wet-01"
"399",2019-12-05,"2020_wet",1,"2020_wet-01"
"400",2019-12-06,"2020_wet",1,"2020_wet-01"
"401",2019-12-07,"2020_wet",1,"2020_wet-01"
"402",2019-12-08,"2020_wet",2,"2020_wet-02"
"403",2019-12-09,"2020_wet",2,"2020_wet-02"
"404",2019-12-10,"2020_wet",2,"2020_wet-02"
"405",2019-12-11,"2020_wet",2,"2020_wet-02"
"406",2019-12-12,"2020_wet",2,"2020_wet-02"
"407",2019-12-13,"2020_wet",2,"2020_wet-02"
"408",2019-12-14,"2020_wet",2,"2020_wet-02"
"409",2019-12-15,"2020_wet",3,"2020_wet-03"
"410",2019-12-16,"2020_wet",3,"2020_wet-03"
"411",2019-12-17,"2020_wet",3,"2020_wet-03"
"412",2019-12-18,"2020_wet",3,"2020_wet-03"
"413",2019-12-19,"2020_wet",3,"2020_wet-03"
"414",2019-12-20,"2020_wet",3,"2020_wet-03"
"415",2019-12-21,"2020_wet",3,"2020_wet-03"
"416",2019-12-22,"2020_wet",4,"2020_wet-04"
"417",2019-12-23,"2020_wet",4,"2020_wet-04"
"418",2019-12-24,"2020_wet",4,"2020_wet-04"
"419",2019-12-25,"2020_wet",4,"2020_wet-04"
"420",2019-12-26,"2020_wet",4,"2020_wet-04"
"421",2019-12-27,"2020_wet",4,"2020_wet-04"
"422",2019-12-28,"2020_wet",4,"2020_wet-04"
"423",2019-12-29,"2020_wet",5,"2020_wet-05"
"424",2019-12-30,"2020_wet",5,"2020_wet-05"
"425",2019-12-31,"2020_wet",5,"2020_wet-05"
"426",2020-01-01,"2020_wet",5,"2020_wet-05"
"427",2020-01-02,"2020_wet",5,"2020_wet-05"
"428",2020-01-03,"2020_wet",5,"2020_wet-05"
"429",2020-01-04,"2020_wet",5,"2020_wet-05"
"430",2020-01-05,"2020_wet",6,"2020_wet-06"
"431",2020-01-06,"2020_wet",6,"2020_wet-06"
"432",2020-01-07,"2020_wet",6,"2020_wet-06"
"433",2020-01-08,"2020_wet",6,"2020_wet-06"
"434",2020-01-09,"2020_wet",6,"2020_wet-06"
"435",2020-01-10,"2020_wet",6,"2020_wet-06"
"436",2020-01-11,"2020_wet",6,"2020_wet-06"
"437",2020-01-12,"2020_wet",7,"2020_wet-07"
"438",2020-01-13,"2020_wet",7,"2020_wet-07"
"439",2020-01-14,"2020_wet",7,"2020_wet-07"
"440",2020-01-15,"2020_wet",7,"2020_wet-07"
"441",2020-01-16,"2020_wet",7,"2020_wet-07"
"442",2020-01-17,"2020_wet",7,"2020_wet-07"
"443",2020-01-18,"2020_wet",7,"2020_wet-07"
"444",2020-01-19,"2020_wet",8,"2020_wet-08"
"445",2020-01-20,"2020_wet",8,"2020_wet-08"
"446",2020-01-21,"2020_wet",8,"2020_wet-08"
"447",2020-01-22,"2020_wet",8,"2020_wet-08"
"448",2020-01-23,"2020_wet",8,"2020_wet-08"
"449",2020-01-24,"2020_wet",8,"2020_wet-08"
"450",2020-01-25,"2020_wet",8,"2020_wet-08"
"451",2020-01-26,"2020_wet",9,"2020_wet-09"
"452",2020-01-27,"2020_wet",9,"2020_wet-09"
"453",2020-01-28,"2020_wet",9,"2020_wet-09"
"454",2020-01-29,"2020_wet",9,"2020_wet-09"
"455",2020-01-30,"2020_wet",9,"2020_wet-09"
"456",2020-01-31,"2020_wet",9,"2020_wet-09"
"457",2020-02-01,"2020_wet",9,"2020_wet-09"
"458",2020-02-02,"2020_wet",10,"2020_wet-10"
"459",2020-02-03,"2020_wet",10,"2020_wet-10"
"460",2020-02-04,"2020_wet",10,"2020_wet-10"
"461",2020-02-05,"2020_wet",10,"2020_wet-10"
"462",2020-02-06,"2020_wet",10,"2020_wet-10"
"463",2020-02-07,"2020_wet",10,"2020_wet-10"
"464",2020-02-08,"2020_wet",10,"2020_wet-10"
"465",2020-02-09,"2020_wet",11,"2020_wet-11"
"466",2020-02-10,"2020_wet",11,"2020_wet-11"
"467",2020-02-11,"2020_wet",11,"2020_wet-11"
"468",2020-02-12,"2020_wet",11,"2020_wet-11"
"469",2020-02-13,"2020_wet",11,"2020_wet-11"
"470",2020-02-14,"2020_wet",11,"2020_wet-11"
"471",2020-02-15,"2020_wet",11,"2020_wet-11"
"472",2020-02-16,"2020_wet",12,"2020_wet-12"
"473",2020-02-17,"2020_wet",12,"2020_wet-12"
"474",2020-02-18,"2020_wet",12,"2020_wet-12"
"475",2020-02-19,"2020_wet",12,"2020_wet-12"
"476",2020-02-20,"2020_wet",12,"2020_wet-12"
"477",2020-02-21,"2020_wet",12,"2020_wet-12"
"478",2020-02-22,"2020_wet",12,"2020_wet-12"
"479",2020-02-23,"2020_wet",13,"2020_wet-13"
"480",2020-02-24,"2020_wet",13,"2020_wet-13"
"481",2020-02-25,"2020_wet",13,"2020_wet-13"
"482",2020-02-26,"2020_wet",13,"2020_wet-13"
"483",2020-02-27,"2020_wet",13,"2020_wet-13"
"484",2020-02-28,"2020_wet",13,"2020_wet-13"
"485",2020-02-29,"2020_wet",13,"2020_wet-13"
"486",2020-03-01,"2020_wet",14,"2020_wet-14"
"487",2020-03-02,"2020_wet",14,"2020_wet-14"
"488",2020-03-03,"2020_wet",14,"2020_wet-14"
"489",2020-03-04,"2020_wet",14,"2020_wet-14"
"490",2020-03-05,"2020_wet",14,"2020_wet-14"
"491",2020-03-06,"2020_wet",14,"2020_wet-14"
"492",2020-03-07,"2020_wet",14,"2020_wet-14"
"493",2020-03-08,"2020_wet",15,"2020_wet-15"
"494",2020-03-09,"2020_wet",15,"2020_wet-15"
"495",2020-03-10,"2020_wet",15,"2020_wet-15"
"496",2020-03-11,"2020_wet",15,"2020_wet-15"
"497",2020-03-12,"2020_wet",15,"2020_wet-15"
"498",2020-03-13,"2020_wet",15,"2020_wet-15"
"499",2020-03-14,"2020_wet",15,"2020_wet-15"
"500",2020-03-15,"2020_wet",16,"2020_wet-16"
"501",2020-03-16,"2020_wet",16,"2020_wet-16"
"502",2020-03-17,"2020_wet",16,"2020_wet-16"
"503",2020-03-18,"2020_wet",16,"2020_wet-16"
"504",2020-03-19,"2020_wet",16,"2020_wet-16"
"505",2020-03-20,"2020_wet",16,"2020_wet-16"
"506",2020-03-21,"2020_wet",16,"2020_wet-16"
"507",2020-03-22,"2020_wet",17,"2020_wet-17"
"508",2020-03-23,"2020_wet",17,"2020_wet-17"
"509",2020-03-24,"2020_wet",17,"2020_wet-17"
"510",2020-03-25,"2020_wet",17,"2020_wet-17"
"511",2020-03-26,"2020_wet",17,"2020_wet-17"
"512",2020-03-27,"2020_wet",17,"2020_wet-17"
"513",2020-03-28,"2020_wet",17,"2020_wet-17"
"514",2020-03-29,"2020_wet",18,"2020_wet-18"
"515",2020-03-30,"2020_wet",18,"2020_wet-18"
"516",2020-03-31,"2020_wet",18,"2020_wet-18"
"517",2020-04-01,"2020_wet",18,"2020_wet-18"
"518",2020-04-02,"2020_wet",18,"2020_wet-18"
"519",2020-04-03,"2020_wet",18,"2020_wet-18"
"520",2020-04-04,"2020_wet",18,"2020_wet-18"
"521",2020-04-05,"2020_wet",19,"2020_wet-19"
"522",2020-04-06,"2020_wet",19,"2020_wet-19"
"523",2020-04-07,"2020_wet",19,"2020_wet-19"
"524",2020-04-08,"2020_wet",19,"2020_wet-19"
"525",2020-04-09,"2020_wet",19,"2020_wet-19"
"526",2020-04-10,"2020_wet",19,"2020_wet-19"
"527",2020-04-11,"2020_wet",19,"2020_wet-19"
"528",2020-04-12,"2020_wet",20,"2020_wet-20"
"529",2020-04-13,"2020_wet",20,"2020_wet-20"
"530",2020-04-14,"2020_wet",20,"2020_wet-20"
"531",2020-04-15,"2020_wet",20,"2020_wet-20"
"532",2020-04-16,"2020_wet",20,"2020_wet-20"
"533",2020-04-17,"2020_wet",20,"2020_wet-20"
"534",2020-04-18,"2020_wet",20,"2020_wet-20"
"535",2020-04-19,"2020_wet",21,"2020_wet-21"
"536",2020-04-20,"2020_wet",21,"2020_wet-21"
"537",2020-04-21,"2020_wet",21,"2020_wet-21"
"538",2020-04-22,"2020_wet",21,"2020_wet-21"
"539",2020-04-23,"2020_wet",21,"2020_wet-21"
"540",2020-04-24,"2020_wet",21,"2020_wet-21"
"541",2020-04-25,"2020_wet",21,"2020_wet-21"
"542",2020-04-26,"2020_wet",22,"2020_wet-22"
"543",2020-04-27,"2020_wet",22,"2020_wet-22"
"544",2020-04-28,"2020_wet",22,"2020_wet-22"
"545",2020-04-29,"2020_wet",22,"2020_wet-22"
"546",2020-04-30,"2020_wet",22,"2020_wet-22"
"547",2020-05-01,"2020_cool",1,"2020_cool-01"
"548",2020-05-02,"2020_cool",1,"2020_cool-01"
"549",2020-05-03,"2020_cool",1,"2020_cool-01"
"550",2020-05-04,"2020_cool",1,"2020_cool-01"
"551",2020-05-05,"2020_cool",1,"2020_cool-01"
"552",2020-05-06,"2020_cool",1,"2020_cool-01"
"553",2020-05-07,"2020_cool",1,"2020_cool-01"
"554",2020-05-08,"2020_cool",2,"2020_cool-02"
"555",2020-05-09,"2020_cool",2,"2020_cool-02"
"556",2020-05-10,"2020_cool",2,"2020_cool-02"
"557",2020-05-11,"2020_cool",2,"2020_cool-02"
"558",2020-05-12,"2020_cool",2,"2020_cool-02"
"559",2020-05-13,"2020_cool",2,"2020_cool-02"
"560",2020-05-14,"2020_cool",2,"2020_cool-02"
"561",2020-05-15,"2020_cool",3,"2020_cool-03"
"562",2020-05-16,"2020_cool",3,"2020_cool-03"
"563",2020-05-17,"2020_cool",3,"2020_cool-03"
"564",2020-05-18,"2020_cool",3,"2020_cool-03"
"565",2020-05-19,"2020_cool",3,"2020_cool-03"
"566",2020-05-20,"2020_cool",3,"2020_cool-03"
"567",2020-05-21,"2020_cool",3,"2020_cool-03"
"568",2020-05-22,"2020_cool",4,"2020_cool-04"
"569",2020-05-23,"2020_cool",4,"2020_cool-04"
"570",2020-05-24,"2020_cool",4,"2020_cool-04"
"571",2020-05-25,"2020_cool",4,"2020_cool-04"
"572",2020-05-26,"2020_cool",4,"2020_cool-04"
"573",2020-05-27,"2020_cool",4,"2020_cool-04"
"574",2020-05-28,"2020_cool",4,"2020_cool-04"
"575",2020-05-29,"2020_cool",5,"2020_cool-05"
"576",2020-05-30,"2020_cool",5,"2020_cool-05"
"577",2020-05-31,"2020_cool",5,"2020_cool-05"
"578",2020-06-01,"2020_cool",5,"2020_cool-05"
"579",2020-06-02,"2020_cool",5,"2020_cool-05"
"580",2020-06-03,"2020_cool",5,"2020_cool-05"
"581",2020-06-04,"2020_cool",5,"2020_cool-05"
"582",2020-06-05,"2020_cool",6,"2020_cool-06"
"583",2020-06-06,"2020_cool",6,"2020_cool-06"
"584",2020-06-07,"2020_cool",6,"2020_cool-06"
"585",2020-06-08,"2020_cool",6,"2020_cool-06"
"586",2020-06-09,"2020_cool",6,"2020_cool-06"
"587",2020-06-10,"2020_cool",6,"2020_cool-06"
"588",2020-06-11,"2020_cool",6,"2020_cool-06"
"589",2020-06-12,"2020_cool",7,"2020_cool-07"
"590",2020-06-13,"2020_cool",7,"2020_cool-07"
"591",2020-06-14,"2020_cool",7,"2020_cool-07"
"592",2020-06-15,"2020_cool",7,"2020_cool-07"
"593",2020-06-16,"2020_cool",7,"2020_cool-07"
"594",2020-06-17,"2020_cool",7,"2020_cool-07"
"595",2020-06-18,"2020_cool",7,"2020_cool-07"
"596",2020-06-19,"2020_cool",8,"2020_cool-08"
"597",2020-06-20,"2020_cool",8,"2020_cool-08"
"598",2020-06-21,"2020_cool",8,"2020_cool-08"
"599",2020-06-22,"2020_cool",8,"2020_cool-08"
"600",2020-06-23,"2020_cool",8,"2020_cool-08"
"601",2020-06-24,"2020_cool",8,"2020_cool-08"
"602",2020-06-25,"2020_cool",8,"2020_cool-08"
"603",2020-06-26,"2020_cool",9,"2020_cool-09"
"604",2020-06-27,"2020_cool",9,"2020_cool-09"
"605",2020-06-28,"2020_cool",9,"2020_cool-09"
"606",2020-06-29,"2020_cool",9,"2020_cool-09"
"607",2020-06-30,"2020_cool",9,"2020_cool-09"
"608",2020-07-01,"2020_cool",9,"2020_cool-09"
"609",2020-07-02,"2020_cool",9,"2020_cool-09"
"610",2020-07-03,"2020_cool",10,"2020_cool-10"
"611",2020-07-04,"2020_cool",10,"2020_cool-10"
"612",2020-07-05,"2020_cool",10,"2020_cool-10"
"613",2020-07-06,"2020_cool",10,"2020_cool-10"
"614",2020-07-07,"2020_cool",10,"2020_cool-10"
"615",2020-07-08,"2020_cool",10,"2020_cool-10"
"616",2020-07-09,"2020_cool",10,"2020_cool-10"
"617",2020-07-10,"2020_cool",11,"2020_cool-11"
"618",2020-07-11,"2020_cool",11,"2020_cool-11"
"619",2020-07-12,"2020_cool",11,"2020_cool-11"
"620",2020-07-13,"2020_cool",11,"2020_cool-11"
"621",2020-07-14,"2020_cool",11,"2020_cool-11"
"622",2020-07-15,"2020_cool",11,"2020_cool-11"
"623",2020-07-16,"2020_cool",11,"2020_cool-11"
"624",2020-07-17,"2020_cool",12,"2020_cool-12"
"625",2020-07-18,"2020_cool",12,"2020_cool-12"
"626",2020-07-19,"2020_cool",12,"2020_cool-12"
"627",2020-07-20,"2020_cool",12,"2020_cool-12"
"628",2020-07-21,"2020_cool",12,"2020_cool-12"
"629",2020-07-22,"2020_cool",12,"2020_cool-12"
"630",2020-07-23,"2020_cool",12,"2020_cool-12"
"631",2020-07-24,"2020_cool",13,"2020_cool-13"
"632",2020-07-25,"2020_cool",13,"2020_cool-13"
"633",2020-07-26,"2020_cool",13,"2020_cool-13"
"634",2020-07-27,"2020_cool",13,"2020_cool-13"
"635",2020-07-28,"2020_cool",13,"2020_cool-13"
"636",2020-07-29,"2020_cool",13,"2020_cool-13"
"637",2020-07-30,"2020_cool",13,"2020_cool-13"
"638",2020-07-31,"2020_cool",14,"2020_cool-14"
"639",2020-08-01,"2020_dry",1,"2020_dry-01"
"640",2020-08-02,"2020_dry",1,"2020_dry-01"
"641",2020-08-03,"2020_dry",1,"2020_dry-01"
"642",2020-08-04,"2020_dry",1,"2020_dry-01"
"643",2020-08-05,"2020_dry",1,"2020_dry-01"
"644",2020-08-06,"2020_dry",1,"2020_dry-01"
"645",2020-08-07,"2020_dry",1,"2020_dry-01"
"646",2020-08-08,"2020_dry",2,"2020_dry-02"
"647",2020-08-09,"2020_dry",2,"2020_dry-02"
"648",2020-08-10,"2020_dry",2,"2020_dry-02"
"649",2020-08-11,"2020_dry",2,"2020_dry-02"
"650",2020-08-12,"2020_dry",2,"2020_dry-02"
"651",2020-08-13,"2020_dry",2,"2020_dry-02"
"652",2020-08-14,"2020_dry",2,"2020_dry-02"
"653",2020-08-15,"2020_dry",3,"2020_dry-03"
"654",2020-08-16,"2020_dry",3,"2020_dry-03"
"655",2020-08-17,"2020_dry",3,"2020_dry-03"
"656",2020-08-18,"2020_dry",3,"2020_dry-03"
"657",2020-08-19,"2020_dry",3,"2020_dry-03"
"658",2020-08-20,"2020_dry",3,"2020_dry-03"
"659",2020-08-21,"2020_dry",3,"2020_dry-03"
"660",2020-08-22,"2020_dry",4,"2020_dry-04"
"661",2020-08-23,"2020_dry",4,"2020_dry-04"
"662",2020-08-24,"2020_dry",4,"2020_dry-04"
"663",2020-08-25,"2020_dry",4,"2020_dry-04"
"664",2020-08-26,"2020_dry",4,"2020_dry-04"
"665",2020-08-27,"2020_dry",4,"2020_dry-04"
"666",2020-08-28,"2020_dry",4,"2020_dry-04"
"667",2020-08-29,"2020_dry",5,"2020_dry-05"
"668",2020-08-30,"2020_dry",5,"2020_dry-05"
"669",2020-08-31,"2020_dry",5,"2020_dry-05"
"670",2020-09-01,"2020_dry",5,"2020_dry-05"
"671",2020-09-02,"2020_dry",5,"2020_dry-05"
"672",2020-09-03,"2020_dry",5,"2020_dry-05"
"673",2020-09-04,"2020_dry",5,"2020_dry-05"
"674",2020-09-05,"2020_dry",6,"2020_dry-06"
"675",2020-09-06,"2020_dry",6,"2020_dry-06"
"676",2020-09-07,"2020_dry",6,"2020_dry-06"
"677",2020-09-08,"2020_dry",6,"2020_dry-06"
"678",2020-09-09,"2020_dry",6,"2020_dry-06"
"679",2020-09-10,"2020_dry",6,"2020_dry-06"
"680",2020-09-11,"2020_dry",6,"2020_dry-06"
"681",2020-09-12,"2020_dry",7,"2020_dry-07"
"682",2020-09-13,"2020_dry",7,"2020_dry-07"
"683",2020-09-14,"2020_dry",7,"2020_dry-07"
"684",2020-09-15,"2020_dry",7,"2020_dry-07"
"685",2020-09-16,"2020_dry",7,"2020_dry-07"
"686",2020-09-17,"2020_dry",7,"2020_dry-07"
"687",2020-09-18,"2020_dry",7,"2020_dry-07"
"688",2020-09-19,"2020_dry",8,"2020_dry-08"
"689",2020-09-20,"2020_dry",8,"2020_dry-08"
"690",2020-09-21,"2020_dry",8,"2020_dry-08"
"691",2020-09-22,"2020_dry",8,"2020_dry-08"
"692",2020-09-23,"2020_dry",8,"2020_dry-08"
"693",2020-09-24,"2020_dry",8,"2020_dry-08"
"694",2020-09-25,"2020_dry",8,"2020_dry-08"
"695",2020-09-26,"2020_dry",9,"2020_dry-09"
"696",2020-09-27,"2020_dry",9,"2020_dry-09"
"697",2020-09-28,"2020_dry",9,"2020_dry-09"
"698",2020-09-29,"2020_dry",9,"2020_dry-09"
"699",2020-09-30,"2020_dry",9,"2020_dry-09"
"700",2020-10-01,"2020_dry",9,"2020_dry-09"
"701",2020-10-02,"2020_dry",9,"2020_dry-09"
"702",2020-10-03,"2020_dry",10,"2020_dry-10"
"703",2020-10-04,"2020_dry",10,"2020_dry-10"
"704",2020-10-05,"2020_dry",10,"2020_dry-10"
"705",2020-10-06,"2020_dry",10,"2020_dry-10"
"706",2020-10-07,"2020_dry",10,"2020_dry-10"
"707",2020-10-08,"2020_dry",10,"2020_dry-10"
"708",2020-10-09,"2020_dry",10,"2020_dry-10"
"709",2020-10-10,"2020_dry",11,"2020_dry-11"
"710",2020-10-11,"2020_dry",11,"2020_dry-11"
"711",2020-10-12,"2020_dry",11,"2020_dry-11"
"712",2020-10-13,"2020_dry",11,"2020_dry-11"
"713",2020-10-14,"2020_dry",11,"2020_dry-11"
"714",2020-10-15,"2020_dry",11,"2020_dry-11"
"715",2020-10-16,"2020_dry",11,"2020_dry-11"
"716",2020-10-17,"2020_dry",12,"2020_dry-12"
"717",2020-10-18,"2020_dry",12,"2020_dry-12"
"718",2020-10-19,"2020_dry",12,"2020_dry-12"
"719",2020-10-20,"2020_dry",12,"2020_dry-12"
"720",2020-10-21,"2020_dry",12,"2020_dry-12"
"721",2020-10-22,"2020_dry",12,"2020_dry-12"
"722",2020-10-23,"2020_dry",12,"2020_dry-12"
"723",2020-10-24,"2020_dry",13,"2020_dry-13"
"724",2020-10-25,"2020_dry",13,"2020_dry-13"
"725",2020-10-26,"2020_dry",13,"2020_dry-13"
"726",2020-10-27,"2020_dry",13,"2020_dry-13"
"727",2020-10-28,"2020_dry",13,"2020_dry-13"
"728",2020-10-29,"2020_dry",13,"2020_dry-13"
"729",2020-10-30,"2020_dry",13,"2020_dry-13"
"730",2020-10-31,"2020_dry",14,"2020_dry-14"
"731",2020-11-01,"2020_dry",14,"2020_dry-14"
"732",2020-11-02,"2020_dry",14,"2020_dry-14"
"733",2020-11-03,"2020_dry",14,"2020_dry-14"
"734",2020-11-04,"2020_dry",14,"2020_dry-14"
"735",2020-11-05,"2020_dry",14,"2020_dry-14"
"736",2020-11-06,"2020_dry",14,"2020_dry-14"
"737",2020-11-07,"2020_dry",15,"2020_dry-15"
"738",2020-11-08,"2020_dry",15,"2020_dry-15"
"739",2020-11-09,"2020_dry",15,"2020_dry-15"
"740",2020-11-10,"2020_dry",15,"2020_dry-15"
"741",2020-11-11,"2020_dry",15,"2020_dry-15"
"742",2020-11-12,"2020_dry",15,"2020_dry-15"
"743",2020-11-13,"2020_dry",15,"2020_dry-15"
"744",2020-11-14,"2020_dry",16,"2020_dry-16"
"745",2020-11-15,"2020_dry",16,"2020_dry-16"
"746",2020-11-16,"2020_dry",16,"2020_dry-16"
"747",2020-11-17,"2020_dry",16,"2020_dry-16"
"748",2020-11-18,"2020_dry",16,"2020_dry-16"
"749",2020-11-19,"2020_dry",16,"2020_dry-16"
"750",2020-11-20,"2020_dry",16,"2020_dry-16"
"751",2020-11-21,"2020_dry",17,"2020_dry-17"
"752",2020-11-22,"2020_dry",17,"2020_dry-17"
"753",2020-11-23,"2020_dry",17,"2020_dry-17"
"754",2020-11-24,"2020_dry",17,"2020_dry-17"
"755",2020-11-25,"2020_dry",17,"2020_dry-17"
"756",2020-11-26,"2020_dry",17,"2020_dry-17"
"757",2020-11-27,"2020_dry",17,"2020_dry-17"
"758",2020-11-28,"2020_dry",18,"2020_dry-18"
"759",2020-11-29,"2020_dry",18,"2020_dry-18"
"760",2020-11-30,"2020_dry",18,"2020_dry-18"
"761",2020-12-01,"2021_wet",1,"2021_wet-01"
"762",2020-12-02,"2021_wet",1,"2021_wet-01"
"763",2020-12-03,"2021_wet",1,"2021_wet-01"
"764",2020-12-04,"2021_wet",1,"2021_wet-01"
"765",2020-12-05,"2021_wet",1,"2021_wet-01"
"766",2020-12-06,"2021_wet",1,"2021_wet-01"
"767",2020-12-07,"2021_wet",1,"2021_wet-01"
"768",2020-12-08,"2021_wet",2,"2021_wet-02"
"769",2020-12-09,"2021_wet",2,"2021_wet-02"
"770",2020-12-10,"2021_wet",2,"2021_wet-02"
"771",2020-12-11,"2021_wet",2,"2021_wet-02"
"772",2020-12-12,"2021_wet",2,"2021_wet-02"
"773",2020-12-13,"2021_wet",2,"2021_wet-02"
"774",2020-12-14,"2021_wet",2,"2021_wet-02"
"775",2020-12-15,"2021_wet",3,"2021_wet-03"
"776",2020-12-16,"2021_wet",3,"2021_wet-03"
"777",2020-12-17,"2021_wet",3,"2021_wet-03"
"778",2020-12-18,"2021_wet",3,"2021_wet-03"
"779",2020-12-19,"2021_wet",3,"2021_wet-03"
"780",2020-12-20,"2021_wet",3,"2021_wet-03"
"781",2020-12-21,"2021_wet",3,"2021_wet-03"
"782",2020-12-22,"2021_wet",4,"2021_wet-04"
"783",2020-12-23,"2021_wet",4,"2021_wet-04"
"784",2020-12-24,"2021_wet",4,"2021_wet-04"
"785",2020-12-25,"2021_wet",4,"2021_wet-04"
"786",2020-12-26,"2021_wet",4,"2021_wet-04"
"787",2020-12-27,"2021_wet",4,"2021_wet-04"
"788",2020-12-28,"2021_wet",4,"2021_wet-04"
"789",2020-12-29,"2021_wet",5,"2021_wet-05"
"790",2020-12-30,"2021_wet",5,"2021_wet-05"
"791",2020-12-31,"2021_wet",5,"2021_wet-05"
"792",2021-01-01,"2021_wet",5,"2021_wet-05"
"793",2021-01-02,"2021_wet",5,"2021_wet-05"
"794",2021-01-03,"2021_wet",5,"2021_wet-05"
"795",2021-01-04,"2021_wet",5,"2021_wet-05"
"796",2021-01-05,"2021_wet",6,"2021_wet-06"
"797",2021-01-06,"2021_wet",6,"2021_wet-06"
"798",2021-01-07,"2021_wet",6,"2021_wet-06"
"799",2021-01-08,"2021_wet",6,"2021_wet-06"
"800",2021-01-09,"2021_wet",6,"2021_wet-06"
"801",2021-01-10,"2021_wet",6,"2021_wet-06"
"802",2021-01-11,"2021_wet",6,"2021_wet-06"
"803",2021-01-12,"2021_wet",7,"2021_wet-07"
"804",2021-01-13,"2021_wet",7,"2021_wet-07"
"805",2021-01-14,"2021_wet",7,"2021_wet-07"
"806",2021-01-15,"2021_wet",7,"2021_wet-07"
"807",2021-01-16,"2021_wet",7,"2021_wet-07"
"808",2021-01-17,"2021_wet",7,"2021_wet-07"
"809",2021-01-18,"2021_wet",7,"2021_wet-07"
"810",2021-01-19,"2021_wet",8,"2021_wet-08"
"811",2021-01-20,"2021_wet",8,"2021_wet-08"
"812",2021-01-21,"2021_wet",8,"2021_wet-08"
"813",2021-01-22,"2021_wet",8,"2021_wet-08"
"814",2021-01-23,"2021_wet",8,"2021_wet-08"
"815",2021-01-24,"2021_wet",8,"2021_wet-08"
"816",2021-01-25,"2021_wet",8,"2021_wet-08"
"817",2021-01-26,"2021_wet",9,"2021_wet-09"
"818",2021-01-27,"2021_wet",9,"2021_wet-09"
"819",2021-01-28,"2021_wet",9,"2021_wet-09"
"820",2021-01-29,"2021_wet",9,"2021_wet-09"
"821",2021-01-30,"2021_wet",9,"2021_wet-09"
"822",2021-01-31,"2021_wet",9,"2021_wet-09"
"823",2021-02-01,"2021_wet",9,"2021_wet-09"
"824",2021-02-02,"2021_wet",10,"2021_wet-10"
"825",2021-02-03,"2021_wet",10,"2021_wet-10"
"826",2021-02-04,"2021_wet",10,"2021_wet-10"
"827",2021-02-05,"2021_wet",10,"2021_wet-10"
"828",2021-02-06,"2021_wet",10,"2021_wet-10"
"829",2021-02-07,"2021_wet",10,"2021_wet-10"
"830",2021-02-08,"2021_wet",10,"2021_wet-10"
"831",2021-02-09,"2021_wet",11,"2021_wet-11"
"832",2021-02-10,"2021_wet",11,"2021_wet-11"
"833",2021-02-11,"2021_wet",11,"2021_wet-11"
"834",2021-02-12,"2021_wet",11,"2021_wet-11"
"835",2021-02-13,"2021_wet",11,"2021_wet-11"
"836",2021-02-14,"2021_wet",11,"2021_wet-11"
"837",2021-02-15,"2021_wet",11,"2021_wet-11"
"838",2021-02-16,"2021_wet",12,"2021_wet-12"
"839",2021-02-17,"2021_wet",12,"2021_wet-12"
"840",2021-02-18,"2021_wet",12,"2021_wet-12"
"841",2021-02-19,"2021_wet",12,"2021_wet-12"
"842",2021-02-20,"2021_wet",12,"2021_wet-12"
"843",2021-02-21,"2021_wet",12,"2021_wet-12"
"844",2021-02-22,"2021_wet",12,"2021_wet-12"
"845",2021-02-23,"2021_wet",13,"2021_wet-13"
"846",2021-02-24,"2021_wet",13,"2021_wet-13"
"847",2021-02-25,"2021_wet",13,"2021_wet-13"
"848",2021-02-26,"2021_wet",13,"2021_wet-13"
"849",2021-02-27,"2021_wet",13,"2021_wet-13"
"850",2021-02-28,"2021_wet",13,"2021_wet-13"
"851",2021-03-01,"2021_wet",13,"2021_wet-13"
"852",2021-03-02,"2021_wet",14,"2021_wet-14"
"853",2021-03-03,"2021_wet",14,"2021_wet-14"
"854",2021-03-04,"2021_wet",14,"2021_wet-14"
"855",2021-03-05,"2021_wet",14,"2021_wet-14"
"856",2021-03-06,"2021_wet",14,"2021_wet-14"
"857",2021-03-07,"2021_wet",14,"2021_wet-14"
"858",2021-03-08,"2021_wet",14,"2021_wet-14"
"859",2021-03-09,"2021_wet",15,"2021_wet-15"
"860",2021-03-10,"2021_wet",15,"2021_wet-15"
"861",2021-03-11,"2021_wet",15,"2021_wet-15"
"862",2021-03-12,"2021_wet",15,"2021_wet-15"
"863",2021-03-13,"2021_wet",15,"2021_wet-15"
"864",2021-03-14,"2021_wet",15,"2021_wet-15"
"865",2021-03-15,"2021_wet",15,"2021_wet-15"
"866",2021-03-16,"2021_wet",16,"2021_wet-16"
"867",2021-03-17,"2021_wet",16,"2021_wet-16"
"868",2021-03-18,"2021_wet",16,"2021_wet-16"
"869",2021-03-19,"2021_wet",16,"2021_wet-16"
"870",2021-03-20,"2021_wet",16,"2021_wet-16"
"871",2021-03-21,"2021_wet",16,"2021_wet-16"
"872",2021-03-22,"2021_wet",16,"2021_wet-16"
"873",2021-03-23,"2021_wet",17,"2021_wet-17"
"874",2021-03-24,"2021_wet",17,"2021_wet-17"
"875",2021-03-25,"2021_wet",17,"2021_wet-17"
"876",2021-03-26,"2021_wet",17,"2021_wet-17"
"877",2021-03-27,"2021_wet",17,"2021_wet-17"
"878",2021-03-28,"2021_wet",17,"2021_wet-17"
"879",2021-03-29,"2021_wet",17,"2021_wet-17"
"880",2021-03-30,"2021_wet",18,"2021_wet-18"
"881",2021-03-31,"2021_wet",18,"2021_wet-18"
"882",2021-04-01,"2021_wet",18,"2021_wet-18"
"883",2021-04-02,"2021_wet",18,"2021_wet-18"
"884",2021-04-03,"2021_wet",18,"2021_wet-18"
"885",2021-04-04,"2021_wet",18,"2021_wet-18"
"886",2021-04-05,"2021_wet",18,"2021_wet-18"
"887",2021-04-06,"2021_wet",19,"2021_wet-19"
"888",2021-04-07,"2021_wet",19,"2021_wet-19"
"889",2021-04-08,"2021_wet",19,"2021_wet-19"
"890",2021-04-09,"2021_wet",19,"2021_wet-19"
"891",2021-04-10,"2021_wet",19,"2021_wet-19"
"892",2021-04-11,"2021_wet",19,"2021_wet-19"
"893",2021-04-12,"2021_wet",19,"2021_wet-19"
"894",2021-04-13,"2021_wet",20,"2021_wet-20"
"895",2021-04-14,"2021_wet",20,"2021_wet-20"
"896",2021-04-15,"2021_wet",20,"2021_wet-20"
"897",2021-04-16,"2021_wet",20,"2021_wet-20"
"898",2021-04-17,"2021_wet",20,"2021_wet-20"
"899",2021-04-18,"2021_wet",20,"2021_wet-20"
"900",2021-04-19,"2021_wet",20,"2021_wet-20"
"901",2021-04-20,"2021_wet",21,"2021_wet-21"
"902",2021-04-21,"2021_wet",21,"2021_wet-21"
"903",2021-04-22,"2021_wet",21,"2021_wet-21"
"904",2021-04-23,"2021_wet",21,"2021_wet-21"
"905",2021-04-24,"2021_wet",21,"2021_wet-21"
"906",2021-04-25,"2021_wet",21,"2021_wet-21"
"907",2021-04-26,"2021_wet",21,"2021_wet-21"
"908",2021-04-27,"2021_wet",22,"2021_wet-22"
"909",2021-04-28,"2021_wet",22,"2021_wet-22"
"910",2021-04-29,"2021_wet",22,"2021_wet-22"
"911",2021-04-30,"2021_wet",22,"2021_wet-22"
"912",2021-05-01,"2021_cool",1,"2021_cool-01"
"913",2021-05-02,"2021_cool",1,"2021_cool-01"
"914",2021-05-03,"2021_cool",1,"2021_cool-01"
"915",2021-05-04,"2021_cool",1,"2021_cool-01"
"916",2021-05-05,"2021_cool",1,"2021_cool-01"
"917",2021-05-06,"2021_cool",1,"2021_cool-01"
"918",2021-05-07,"2021_cool",1,"2021_cool-01"
"919",2021-05-08,"2021_cool",2,"2021_cool-02"
"920",2021-05-09,"2021_cool",2,"2021_cool-02"
"921",2021-05-10,"2021_cool",2,"2021_cool-02"
"922",2021-05-11,"2021_cool",2,"2021_cool-02"
"923",2021-05-12,"2021_cool",2,"2021_cool-02"
"924",2021-05-13,"2021_cool",2,"2021_cool-02"
"925",2021-05-14,"2021_cool",2,"2021_cool-02"
"926",2021-05-15,"2021_cool",3,"2021_cool-03"
"927",2021-05-16,"2021_cool",3,"2021_cool-03"
"928",2021-05-17,"2021_cool",3,"2021_cool-03"
"929",2021-05-18,"2021_cool",3,"2021_cool-03"
"930",2021-05-19,"2021_cool",3,"2021_cool-03"
"931",2021-05-20,"2021_cool",3,"2021_cool-03"
"932",2021-05-21,"2021_cool",3,"2021_cool-03"
"933",2021-05-22,"2021_cool",4,"2021_cool-04"
"934",2021-05-23,"2021_cool",4,"2021_cool-04"
"935",2021-05-24,"2021_cool",4,"2021_cool-04"
"936",2021-05-25,"2021_cool",4,"2021_cool-04"
"937",2021-05-26,"2021_cool",4,"2021_cool-04"
"938",2021-05-27,"2021_cool",4,"2021_cool-04"
"939",2021-05-28,"2021_cool",4,"2021_cool-04"
"940",2021-05-29,"2021_cool",5,"2021_cool-05"
"941",2021-05-30,"2021_cool",5,"2021_cool-05"
"942",2021-05-31,"2021_cool",5,"2021_cool-05"
"943",2021-06-01,"2021_cool",5,"2021_cool-05"
"944",2021-06-02,"2021_cool",5,"2021_cool-05"
"945",2021-06-03,"2021_cool",5,"2021_cool-05"
"946",2021-06-04,"2021_cool",5,"2021_cool-05"
"947",2021-06-05,"2021_cool",6,"2021_cool-06"
"948",2021-06-06,"2021_cool",6,"2021_cool-06"
"949",2021-06-07,"2021_cool",6,"2021_cool-06"
"950",2021-06-08,"2021_cool",6,"2021_cool-06"
"951",2021-06-09,"2021_cool",6,"2021_cool-06"
"952",2021-06-10,"2021_cool",6,"2021_cool-06"
"953",2021-06-11,"2021_cool",6,"2021_cool-06"
"954",2021-06-12,"2021_cool",7,"2021_cool-07"
"955",2021-06-13,"2021_cool",7,"2021_cool-07"
"956",2021-06-14,"2021_cool",7,"2021_cool-07"
"957",2021-06-15,"2021_cool",7,"2021_cool-07"
"958",2021-06-16,"2021_cool",7,"2021_cool-07"
"959",2021-06-17,"2021_cool",7,"2021_cool-07"
"960",2021-06-18,"2021_cool",7,"2021_cool-07"
"961",2021-06-19,"2021_cool",8,"2021_cool-08"
"962",2021-06-20,"2021_cool",8,"2021_cool-08"
"963",2021-06-21,"2021_cool",8,"2021_cool-08"
"964",2021-06-22,"2021_cool",8,"2021_cool-08"
"965",2021-06-23,"2021_cool",8,"2021_cool-08"
"966",2021-06-24,"2021_cool",8,"2021_cool-08"
"967",2021-06-25,"2021_cool",8,"2021_cool-08"
"968",2021-06-26,"2021_cool",9,"2021_cool-09"
"969",2021-06-27,"2021_cool",9,"2021_cool-09"
"970",2021-06-28,"2021_cool",9,"2021_cool-09"
"971",2021-06-29,"2021_cool",9,"2021_cool-09"
"972",2021-06-30,"2021_cool",9,"2021_cool-09"
"973",2021-07-01,"2021_cool",9,"2021_cool-09"
"974",2021-07-02,"2021_cool",9,"2021_cool-09"
"975",2021-07-03,"2021_cool",10,"2021_cool-10"
"976",2021-07-04,"2021_cool",10,"2021_cool-10"
"977",2021-07-05,"2021_cool",10,"2021_cool-10"
"978",2021-07-06,"2021_cool",10,"2021_cool-10"
"979",2021-07-07,"2021_cool",10,"2021_cool-10"
"980",2021-07-08,"2021_cool",10,"2021_cool-10"
"981",2021-07-09,"2021_cool",10,"2021_cool-10"
"982",2021-07-10,"2021_cool",11,"2021_cool-11"
"983",2021-07-11,"2021_cool",11,"2021_cool-11"
"984",2021-07-12,"2021_cool",11,"2021_cool-11"
"985",2021-07-13,"2021_cool",11,"2021_cool-11"
"986",2021-07-14,"2021_cool",11,"2021_cool-11"
"987",2021-07-15,"2021_cool",11,"2021_cool-11"
"988",2021-07-16,"2021_cool",11,"2021_cool-11"
"989",2021-07-17,"2021_cool",12,"2021_cool-12"
"990",2021-07-18,"2021_cool",12,"2021_cool-12"
"991",2021-07-19,"2021_cool",12,"2021_cool-12"
"992",2021-07-20,"2021_cool",12,"2021_cool-12"
"993",2021-07-21,"2021_cool",12,"2021_cool-12"
"994",2021-07-22,"2021_cool",12,"2021_cool-12"
"995",2021-07-23,"2021_cool",12,"2021_cool-12"
"996",2021-07-24,"2021_cool",13,"2021_cool-13"
"997",2021-07-25,"2021_cool",13,"2021_cool-13"
"998",2021-07-26,"2021_cool",13,"2021_cool-13"
"999",2021-07-27,"2021_cool",13,"2021_cool-13"
"1000",2021-07-28,"2021_cool",13,"2021_cool-13"
"1001",2021-07-29,"2021_cool",13,"2021_cool-13"
"1002",2021-07-30,"2021_cool",13,"2021_cool-13"
"1003",2021-07-31,"2021_cool",14,"2021_cool-14"
"1004",2021-08-01,"2021_dry",1,"2021_dry-01"
"1005",2021-08-02,"2021_dry",1,"2021_dry-01"
"1006",2021-08-03,"2021_dry",1,"2021_dry-01"
"1007",2021-08-04,"2021_dry",1,"2021_dry-01"
"1008",2021-08-05,"2021_dry",1,"2021_dry-01"
"1009",2021-08-06,"2021_dry",1,"2021_dry-01"
"1010",2021-08-07,"2021_dry",1,"2021_dry-01"
"1011",2021-08-08,"2021_dry",2,"2021_dry-02"
"1012",2021-08-09,"2021_dry",2,"2021_dry-02"
"1013",2021-08-10,"2021_dry",2,"2021_dry-02"
"1014",2021-08-11,"2021_dry",2,"2021_dry-02"
"1015",2021-08-12,"2021_dry",2,"2021_dry-02"
"1016",2021-08-13,"2021_dry",2,"2021_dry-02"
"1017",2021-08-14,"2021_dry",2,"2021_dry-02"
"1018",2021-08-15,"2021_dry",3,"2021_dry-03"
"1019",2021-08-16,"2021_dry",3,"2021_dry-03"
"1020",2021-08-17,"2021_dry",3,"2021_dry-03"
"1021",2021-08-18,"2021_dry",3,"2021_dry-03"
"1022",2021-08-19,"2021_dry",3,"2021_dry-03"
"1023",2021-08-20,"2021_dry",3,"2021_dry-03"
"1024",2021-08-21,"2021_dry",3,"2021_dry-03"
"1025",2021-08-22,"2021_dry",4,"2021_dry-04"
"1026",2021-08-23,"2021_dry",4,"2021_dry-04"
"1027",2021-08-24,"2021_dry",4,"2021_dry-04"
"1028",2021-08-25,"2021_dry",4,"2021_dry-04"
"1029",2021-08-26,"2021_dry",4,"2021_dry-04"
"1030",2021-08-27,"2021_dry",4,"2021_dry-04"
"1031",2021-08-28,"2021_dry",4,"2021_dry-04"
"1032",2021-08-29,"2021_dry",5,"2021_dry-05"
"1033",2021-08-30,"2021_dry",5,"2021_dry-05"
"1034",2021-08-31,"2021_dry",5,"2021_dry-05"
"1035",2021-09-01,"2021_dry",5,"2021_dry-05"
"1036",2021-09-02,"2021_dry",5,"2021_dry-05"
"1037",2021-09-03,"2021_dry",5,"2021_dry-05"
"1038",2021-09-04,"2021_dry",5,"2021_dry-05"
"1039",2021-09-05,"2021_dry",6,"2021_dry-06"
"1040",2021-09-06,"2021_dry",6,"2021_dry-06"
"1041",2021-09-07,"2021_dry",6,"2021_dry-06"
"1042",2021-09-08,"2021_dry",6,"2021_dry-06"
"1043",2021-09-09,"2021_dry",6,"2021_dry-06"
"1044",2021-09-10,"2021_dry",6,"2021_dry-06"
"1045",2021-09-11,"2021_dry",6,"2021_dry-06"
"1046",2021-09-12,"2021_dry",7,"2021_dry-07"
"1047",2021-09-13,"2021_dry",7,"2021_dry-07"
"1048",2021-09-14,"2021_dry",7,"2021_dry-07"
"1049",2021-09-15,"2021_dry",7,"2021_dry-07"
"1050",2021-09-16,"2021_dry",7,"2021_dry-07"
"1051",2021-09-17,"2021_dry",7,"2021_dry-07"
"1052",2021-09-18,"2021_dry",7,"2021_dry-07"
"1053",2021-09-19,"2021_dry",8,"2021_dry-08"
"1054",2021-09-20,"2021_dry",8,"2021_dry-08"
"1055",2021-09-21,"2021_dry",8,"2021_dry-08"
"1056",2021-09-22,"2021_dry",8,"2021_dry-08"
"1057",2021-09-23,"2021_dry",8,"2021_dry-08"
"1058",2021-09-24,"2021_dry",8,"2021_dry-08"
"1059",2021-09-25,"2021_dry",8,"2021_dry-08"
"1060",2021-09-26,"2021_dry",9,"2021_dry-09"
"1061",2021-09-27,"2021_dry",9,"2021_dry-09"
"1062",2021-09-28,"2021_dry",9,"2021_dry-09"
"1063",2021-09-29,"2021_dry",9,"2021_dry-09"
"1064",2021-09-30,"2021_dry",9,"2021_dry-09"
"1065",2021-10-01,"2021_dry",9,"2021_dry-09"
"1066",2021-10-02,"2021_dry",9,"2021_dry-09"
"1067",2021-10-03,"2021_dry",10,"2021_dry-10"
"1068",2021-10-04,"2021_dry",10,"2021_dry-10"
"1069",2021-10-05,"2021_dry",10,"2021_dry-10"
"1070",2021-10-06,"2021_dry",10,"2021_dry-10"
"1071",2021-10-07,"2021_dry",10,"2021_dry-10"
"1072",2021-10-08,"2021_dry",10,"2021_dry-10"
"1073",2021-10-09,"2021_dry",10,"2021_dry-10"
"1074",2021-10-10,"2021_dry",11,"2021_dry-11"
"1075",2021-10-11,"2021_dry",11,"2021_dry-11"
"1076",2021-10-12,"2021_dry",11,"2021_dry-11"
"1077",2021-10-13,"2021_dry",11,"2021_dry-11"
"1078",2021-10-14,"2021_dry",11,"2021_dry-11"
"1079",2021-10-15,"2021_dry",11,"2021_dry-11"
"1080",2021-10-16,"2021_dry",11,"2021_dry-11"
"1081",2021-10-17,"2021_dry",12,"2021_dry-12"
"1082",2021-10-18,"2021_dry",12,"2021_dry-12"
"1083",2021-10-19,"2021_dry",12,"2021_dry-12"
"1084",2021-10-20,"2021_dry",12,"2021_dry-12"
"1085",2021-10-21,"2021_dry",12,"2021_dry-12"
"1086",2021-10-22,"2021_dry",12,"2021_dry-12"
"1087",2021-10-23,"2021_dry",12,"2021_dry-12"
"1088",2021-10-24,"2021_dry",13,"2021_dry-13"
"1089",2021-10-25,"2021_dry",13,"2021_dry-13"
"1090",2021-10-26,"2021_dry",13,"2021_dry-13"
"1091",2021-10-27,"2021_dry",13,"2021_dry-13"
"1092",2021-10-28,"2021_dry",13,"2021_dry-13"
"1093",2021-10-29,"2021_dry",13,"2021_dry-13"
"1094",2021-10-30,"2021_dry",13,"2021_dry-13"
"1095",2021-10-31,"2021_dry",14,"2021_dry-14"
"1096",2021-11-01,"2021_dry",14,"2021_dry-14"
"1097",2021-11-02,"2021_dry",14,"2021_dry-14"
"1098",2021-11-03,"2021_dry",14,"2021_dry-14"
"1099",2021-11-04,"2021_dry",14,"2021_dry-14"
"1100",2021-11-05,"2021_dry",14,"2021_dry-14"
"1101",2021-11-06,"2021_dry",14,"2021_dry-14"
"1102",2021-11-07,"2021_dry",15,"2021_dry-15"
"1103",2021-11-08,"2021_dry",15,"2021_dry-15"
"1104",2021-11-09,"2021_dry",15,"2021_dry-15"
"1105",2021-11-10,"2021_dry",15,"2021_dry-15"
"1106",2021-11-11,"2021_dry",15,"2021_dry-15"
"1107",2021-11-12,"2021_dry",15,"2021_dry-15"
"1108",2021-11-13,"2021_dry",15,"2021_dry-15"
"1109",2021-11-14,"2021_dry",16,"2021_dry-16"
"1110",2021-11-15,"2021_dry",16,"2021_dry-16"
"1111",2021-11-16,"2021_dry",16,"2021_dry-16"
"1112",2021-11-17,"2021_dry",16,"2021_dry-16"
"1113",2021-11-18,"2021_dry",16,"2021_dry-16"
"1114",2021-11-19,"2021_dry",16,"2021_dry-16"
"1115",2021-11-20,"2021_dry",16,"2021_dry-16"
"1116",2021-11-21,"2021_dry",17,"2021_dry-17"
"1117",2021-11-22,"2021_dry",17,"2021_dry-17"
"1118",2021-11-23,"2021_dry",17,"2021_dry-17"
"1119",2021-11-24,"2021_dry",17,"2021_dry-17"
"1120",2021-11-25,"2021_dry",17,"2021_dry-17"
"1121",2021-11-26,"2021_dry",17,"2021_dry-17"
"1122",2021-11-27,"2021_dry",17,"2021_dry-17"
"1123",2021-11-28,"2021_dry",18,"2021_dry-18"
"1124",2021-11-29,"2021_dry",18,"2021_dry-18"
"1125",2021-11-30,"2021_dry",18,"2021_dry-18"
"1126",2021-12-01,"2022_wet",1,"2022_wet-01"
"1127",2021-12-02,"2022_wet",1,"2022_wet-01"
"1128",2021-12-03,"2022_wet",1,"2022_wet-01"
"1129",2021-12-04,"2022_wet",1,"2022_wet-01"
"1130",2021-12-05,"2022_wet",1,"2022_wet-01"
"1131",2021-12-06,"2022_wet",1,"2022_wet-01"
"1132",2021-12-07,"2022_wet",1,"2022_wet-01"
"1133",2021-12-08,"2022_wet",2,"2022_wet-02"
"1134",2021-12-09,"2022_wet",2,"2022_wet-02"
"1135",2021-12-10,"2022_wet",2,"2022_wet-02"
"1136",2021-12-11,"2022_wet",2,"2022_wet-02"
"1137",2021-12-12,"2022_wet",2,"2022_wet-02"
"1138",2021-12-13,"2022_wet",2,"2022_wet-02"
"1139",2021-12-14,"2022_wet",2,"2022_wet-02"
"1140",2021-12-15,"2022_wet",3,"2022_wet-03"
"1141",2021-12-16,"2022_wet",3,"2022_wet-03"
"1142",2021-12-17,"2022_wet",3,"2022_wet-03"
"1143",2021-12-18,"2022_wet",3,"2022_wet-03"
"1144",2021-12-19,"2022_wet",3,"2022_wet-03"
"1145",2021-12-20,"2022_wet",3,"2022_wet-03"
"1146",2021-12-21,"2022_wet",3,"2022_wet-03"
"1147",2021-12-22,"2022_wet",4,"2022_wet-04"
"1148",2021-12-23,"2022_wet",4,"2022_wet-04"
"1149",2021-12-24,"2022_wet",4,"2022_wet-04"
"1150",2021-12-25,"2022_wet",4,"2022_wet-04"
"1151",2021-12-26,"2022_wet",4,"2022_wet-04"
"1152",2021-12-27,"2022_wet",4,"2022_wet-04"
"1153",2021-12-28,"2022_wet",4,"2022_wet-04"
"1154",2021-12-29,"2022_wet",5,"2022_wet-05"
"1155",2021-12-30,"2022_wet",5,"2022_wet-05"
"1156",2021-12-31,"2022_wet",5,"2022_wet-05"
"1157",2022-01-01,"2022_wet",5,"2022_wet-05"
"1158",2022-01-02,"2022_wet",5,"2022_wet-05"
"1159",2022-01-03,"2022_wet",5,"2022_wet-05"
"1160",2022-01-04,"2022_wet",5,"2022_wet-05"
"1161",2022-01-05,"2022_wet",6,"2022_wet-06"
"1162",2022-01-06,"2022_wet",6,"2022_wet-06"
"1163",2022-01-07,"2022_wet",6,"2022_wet-06"
"1164",2022-01-08,"2022_wet",6,"2022_wet-06"
"1165",2022-01-09,"2022_wet",6,"2022_wet-06"
"1166",2022-01-10,"2022_wet",6,"2022_wet-06"
"1167",2022-01-11,"2022_wet",6,"2022_wet-06"
"1168",2022-01-12,"2022_wet",7,"2022_wet-07"
"1169",2022-01-13,"2022_wet",7,"2022_wet-07"
"1170",2022-01-14,"2022_wet",7,"2022_wet-07"
"1171",2022-01-15,"2022_wet",7,"2022_wet-07"
"1172",2022-01-16,"2022_wet",7,"2022_wet-07"
"1173",2022-01-17,"2022_wet",7,"2022_wet-07"
"1174",2022-01-18,"2022_wet",7,"2022_wet-07"
"1175",2022-01-19,"2022_wet",8,"2022_wet-08"
"1176",2022-01-20,"2022_wet",8,"2022_wet-08"
"1177",2022-01-21,"2022_wet",8,"2022_wet-08"
"1178",2022-01-22,"2022_wet",8,"2022_wet-08"
"1179",2022-01-23,"2022_wet",8,"2022_wet-08"
"1180",2022-01-24,"2022_wet",8,"2022_wet-08"
"1181",2022-01-25,"2022_wet",8,"2022_wet-08"
"1182",2022-01-26,"2022_wet",9,"2022_wet-09"
"1183",2022-01-27,"2022_wet",9,"2022_wet-09"
"1184",2022-01-28,"2022_wet",9,"2022_wet-09"
"1185",2022-01-29,"2022_wet",9,"2022_wet-09"
"1186",2022-01-30,"2022_wet",9,"2022_wet-09"
"1187",2022-01-31,"2022_wet",9,"2022_wet-09"
"1188",2022-02-01,"2022_wet",9,"2022_wet-09"
"1189",2022-02-02,"2022_wet",10,"2022_wet-10"
"1190",2022-02-03,"2022_wet",10,"2022_wet-10"
"1191",2022-02-04,"2022_wet",10,"2022_wet-10"
"1192",2022-02-05,"2022_wet",10,"2022_wet-10"
"1193",2022-02-06,"2022_wet",10,"2022_wet-10"
"1194",2022-02-07,"2022_wet",10,"2022_wet-10"
"1195",2022-02-08,"2022_wet",10,"2022_wet-10"
"1196",2022-02-09,"2022_wet",11,"2022_wet-11"
"1197",2022-02-10,"2022_wet",11,"2022_wet-11"
"1198",2022-02-11,"2022_wet",11,"2022_wet-11"
"1199",2022-02-12,"2022_wet",11,"2022_wet-11"
"1200",2022-02-13,"2022_wet",11,"2022_wet-11"
"1201",2022-02-14,"2022_wet",11,"2022_wet-11"
"1202",2022-02-15,"2022_wet",11,"2022_wet-11"
"1203",2022-02-16,"2022_wet",12,"2022_wet-12"
"1204",2022-02-17,"2022_wet",12,"2022_wet-12"
"1205",2022-02-18,"2022_wet",12,"2022_wet-12"
"1206",2022-02-19,"2022_wet",12,"2022_wet-12"
"1207",2022-02-20,"2022_wet",12,"2022_wet-12"
"1208",2022-02-21,"2022_wet",12,"2022_wet-12"
"1209",2022-02-22,"2022_wet",12,"2022_wet-12"
"1210",2022-02-23,"2022_wet",13,"2022_wet-13"
"1211",2022-02-24,"2022_wet",13,"2022_wet-13"
"1212",2022-02-25,"2022_wet",13,"2022_wet-13"
"1213",2022-02-26,"2022_wet",13,"2022_wet-13"
"1214",2022-02-27,"2022_wet",13,"2022_wet-13"
"1215",2022-02-28,"2022_wet",13,"2022_wet-13"
"1216",2022-03-01,"2022_wet",13,"2022_wet-13"
"1217",2022-03-02,"2022_wet",14,"2022_wet-14"
"1218",2022-03-03,"2022_wet",14,"2022_wet-14"
"1219",2022-03-04,"2022_wet",14,"2022_wet-14"
"1220",2022-03-05,"2022_wet",14,"2022_wet-14"
"1221",2022-03-06,"2022_wet",14,"2022_wet-14"
"1222",2022-03-07,"2022_wet",14,"2022_wet-14"
"1223",2022-03-08,"2022_wet",14,"2022_wet-14"
"1224",2022-03-09,"2022_wet",15,"2022_wet-15"
"1225",2022-03-10,"2022_wet",15,"2022_wet-15"
"1226",2022-03-11,"2022_wet",15,"2022_wet-15"
"1227",2022-03-12,"2022_wet",15,"2022_wet-15"
"1228",2022-03-13,"2022_wet",15,"2022_wet-15"
"1229",2022-03-14,"2022_wet",15,"2022_wet-15"
"1230",2022-03-15,"2022_wet",15,"2022_wet-15"
"1231",2022-03-16,"2022_wet",16,"2022_wet-16"
"1232",2022-03-17,"2022_wet",16,"2022_wet-16"
"1233",2022-03-18,"2022_wet",16,"2022_wet-16"
"1234",2022-03-19,"2022_wet",16,"2022_wet-16"
"1235",2022-03-20,"2022_wet",16,"2022_wet-16"
"1236",2022-03-21,"2022_wet",16,"2022_wet-16"
"1237",2022-03-22,"2022_wet",16,"2022_wet-16"
"1238",2022-03-23,"2022_wet",17,"2022_wet-17"
"1239",2022-03-24,"2022_wet",17,"2022_wet-17"
"1240",2022-03-25,"2022_wet",17,"2022_wet-17"
"1241",2022-03-26,"2022_wet",17,"2022_wet-17"
"1242",2022-03-27,"2022_wet",17,"2022_wet-17"
"1243",2022-03-28,"2022_wet",17,"2022_wet-17"
"1244",2022-03-29,"2022_wet",17,"2022_wet-17"
"1245",2022-03-30,"2022_wet",18,"2022_wet-18"
"1246",2022-03-31,"2022_wet",18,"2022_wet-18"
"1247",2022-04-01,"2022_wet",18,"2022_wet-18"
"1248",2022-04-02,"2022_wet",18,"2022_wet-18"
"1249",2022-04-03,"2022_wet",18,"2022_wet-18"
"1250",2022-04-04,"2022_wet",18,"2022_wet-18"
"1251",2022-04-05,"2022_wet",18,"2022_wet-18"
"1252",2022-04-06,"2022_wet",19,"2022_wet-19"
"1253",2022-04-07,"2022_wet",19,"2022_wet-19"
"1254",2022-04-08,"2022_wet",19,"2022_wet-19"
"1255",2022-04-09,"2022_wet",19,"2022_wet-19"
"1256",2022-04-10,"2022_wet",19,"2022_wet-19"
"1257",2022-04-11,"2022_wet",19,"2022_wet-19"
"1258",2022-04-12,"2022_wet",19,"2022_wet-19"
"1259",2022-04-13,"2022_wet",20,"2022_wet-20"
"1260",2022-04-14,"2022_wet",20,"2022_wet-20"
"1261",2022-04-15,"2022_wet",20,"2022_wet-20"
"1262",2022-04-16,"2022_wet",20,"2022_wet-20"
"1263",2022-04-17,"2022_wet",20,"2022_wet-20"
"1264",2022-04-18,"2022_wet",20,"2022_wet-20"
"1265",2022-04-19,"2022_wet",20,"2022_wet-20"
"1266",2022-04-20,"2022_wet",21,"2022_wet-21"
"1267",2022-04-21,"2022_wet",21,"2022_wet-21"
"1268",2022-04-22,"2022_wet",21,"2022_wet-21"
"1269",2022-04-23,"2022_wet",21,"2022_wet-21"
"1270",2022-04-24,"2022_wet",21,"2022_wet-21"
"1271",2022-04-25,"2022_wet",21,"2022_wet-21"
"1272",2022-04-26,"2022_wet",21,"2022_wet-21"
"1273",2022-04-27,"2022_wet",22,"2022_wet-22"
"1274",2022-04-28,"2022_wet",22,"2022_wet-22"
"1275",2022-04-29,"2022_wet",22,"2022_wet-22"
"1276",2022-04-30,"2022_wet",22,"2022_wet-22"
"1277",2022-05-01,"2022_cool",1,"2022_cool-01"
"1278",2022-05-02,"2022_cool",1,"2022_cool-01"
"1279",2022-05-03,"2022_cool",1,"2022_cool-01"
"1280",2022-05-04,"2022_cool",1,"2022_cool-01"
"1281",2022-05-05,"2022_cool",1,"2022_cool-01"
"1282",2022-05-06,"2022_cool",1,"2022_cool-01"
"1283",2022-05-07,"2022_cool",1,"2022_cool-01"
"1284",2022-05-08,"2022_cool",2,"2022_cool-02"
"1285",2022-05-09,"2022_cool",2,"2022_cool-02"
"1286",2022-05-10,"2022_cool",2,"2022_cool-02"
"1287",2022-05-11,"2022_cool",2,"2022_cool-02"
"1288",2022-05-12,"2022_cool",2,"2022_cool-02"
"1289",2022-05-13,"2022_cool",2,"2022_cool-02"
"1290",2022-05-14,"2022_cool",2,"2022_cool-02"
"1291",2022-05-15,"2022_cool",3,"2022_cool-03"
"1292",2022-05-16,"2022_cool",3,"2022_cool-03"
"1293",2022-05-17,"2022_cool",3,"2022_cool-03"
"1294",2022-05-18,"2022_cool",3,"2022_cool-03"
"1295",2022-05-19,"2022_cool",3,"2022_cool-03"
"1296",2022-05-20,"2022_cool",3,"2022_cool-03"
"1297",2022-05-21,"2022_cool",3,"2022_cool-03"
"1298",2022-05-22,"2022_cool",4,"2022_cool-04"
"1299",2022-05-23,"2022_cool",4,"2022_cool-04"
"1300",2022-05-24,"2022_cool",4,"2022_cool-04"
"1301",2022-05-25,"2022_cool",4,"2022_cool-04"
"1302",2022-05-26,"2022_cool",4,"2022_cool-04"
"1303",2022-05-27,"2022_cool",4,"2022_cool-04"
"1304",2022-05-28,"2022_cool",4,"2022_cool-04"
"1305",2022-05-29,"2022_cool",5,"2022_cool-05"
"1306",2022-05-30,"2022_cool",5,"2022_cool-05"
"1307",2022-05-31,"2022_cool",5,"2022_cool-05"
"1308",2022-06-01,"2022_cool",5,"2022_cool-05"
"1309",2022-06-02,"2022_cool",5,"2022_cool-05"
"1310",2022-06-03,"2022_cool",5,"2022_cool-05"
"1311",2022-06-04,"2022_cool",5,"2022_cool-05"
"1312",2022-06-05,"2022_cool",6,"2022_cool-06"
"1313",2022-06-06,"2022_cool",6,"2022_cool-06"
"1314",2022-06-07,"2022_cool",6,"2022_cool-06"
"1315",2022-06-08,"2022_cool",6,"2022_cool-06"
"1316",2022-06-09,"2022_cool",6,"2022_cool-06"
"1317",2022-06-10,"2022_cool",6,"2022_cool-06"
"1318",2022-06-11,"2022_cool",6,"2022_cool-06"
"1319",2022-06-12,"2022_cool",7,"2022_cool-07"
"1320",2022-06-13,"2022_cool",7,"2022_cool-07"
"1321",2022-06-14,"2022_cool",7,"2022_cool-07"
"1322",2022-06-15,"2022_cool",7,"2022_cool-07"
"1323",2022-06-16,"2022_cool",7,"2022_cool-07"
"1324",2022-06-17,"2022_cool",7,"2022_cool-07"
"1325",2022-06-18,"2022_cool",7,"2022_cool-07"
"1326",2022-06-19,"2022_cool",8,"2022_cool-08"
"1327",2022-06-20,"2022_cool",8,"2022_cool-08"
"1328",2022-06-21,"2022_cool",8,"2022_cool-08"
"1329",2022-06-22,"2022_cool",8,"2022_cool-08"
"1330",2022-06-23,"2022_cool",8,"2022_cool-08"
"1331",2022-06-24,"2022_cool",8,"2022_cool-08"
"1332",2022-06-25,"2022_cool",8,"2022_cool-08"
"1333",2022-06-26,"2022_cool",9,"2022_cool-09"
"1334",2022-06-27,"2022_cool",9,"2022_cool-09"
"1335",2022-06-28,"2022_cool",9,"2022_cool-09"
"1336",2022-06-29,"2022_cool",9,"2022_cool-09"
"1337",2022-06-30,"2022_cool",9,"2022_cool-09"
"1338",2022-07-01,"2022_cool",9,"2022_cool-09"
"1339",2022-07-02,"2022_cool",9,"2022_cool-09"
"1340",2022-07-03,"2022_cool",10,"2022_cool-10"
"1341",2022-07-04,"2022_cool",10,"2022_cool-10"
"1342",2022-07-05,"2022_cool",10,"2022_cool-10"
"1343",2022-07-06,"2022_cool",10,"2022_cool-10"
"1344",2022-07-07,"2022_cool",10,"2022_cool-10"
"1345",2022-07-08,"2022_cool",10,"2022_cool-10"
"1346",2022-07-09,"2022_cool",10,"2022_cool-10"
"1347",2022-07-10,"2022_cool",11,"2022_cool-11"
"1348",2022-07-11,"2022_cool",11,"2022_cool-11"
"1349",2022-07-12,"2022_cool",11,"2022_cool-11"
"1350",2022-07-13,"2022_cool",11,"2022_cool-11"
"1351",2022-07-14,"2022_cool",11,"2022_cool-11"
"1352",2022-07-15,"2022_cool",11,"2022_cool-11"
"1353",2022-07-16,"2022_cool",11,"2022_cool-11"
"1354",2022-07-17,"2022_cool",12,"2022_cool-12"
"1355",2022-07-18,"2022_cool",12,"2022_cool-12"
"1356",2022-07-19,"2022_cool",12,"2022_cool-12"
"1357",2022-07-20,"2022_cool",12,"2022_cool-12"
"1358",2022-07-21,"2022_cool",12,"2022_cool-12"
"1359",2022-07-22,"2022_cool",12,"2022_cool-12"
"1360",2022-07-23,"2022_cool",12,"2022_cool-12"
"1361",2022-07-24,"2022_cool",13,"2022_cool-13"
"1362",2022-07-25,"2022_cool",13,"2022_cool-13"
"1363",2022-07-26,"2022_cool",13,"2022_cool-13"
"1364",2022-07-27,"2022_cool",13,"2022_cool-13"
"1365",2022-07-28,"2022_cool",13,"2022_cool-13"
"1366",2022-07-29,"2022_cool",13,"2022_cool-13"
"1367",2022-07-30,"2022_cool",13,"2022_cool-13"
"1368",2022-07-31,"2022_cool",14,"2022_cool-14"
"1369",2022-08-01,"2022_dry",1,"2022_dry-01"
"1370",2022-08-02,"2022_dry",1,"2022_dry-01"
"1371",2022-08-03,"2022_dry",1,"2022_dry-01"
"1372",2022-08-04,"2022_dry",1,"2022_dry-01"
"1373",2022-08-05,"2022_dry",1,"2022_dry-01"
"1374",2022-08-06,"2022_dry",1,"2022_dry-01"
"1375",2022-08-07,"2022_dry",1,"2022_dry-01"
"1376",2022-08-08,"2022_dry",2,"2022_dry-02"
"1377",2022-08-09,"2022_dry",2,"2022_dry-02"
"1378",2022-08-10,"2022_dry",2,"2022_dry-02"
"1379",2022-08-11,"2022_dry",2,"2022_dry-02"
"1380",2022-08-12,"2022_dry",2,"2022_dry-02"
"1381",2022-08-13,"2022_dry",2,"2022_dry-02"
"1382",2022-08-14,"2022_dry",2,"2022_dry-02"
"1383",2022-08-15,"2022_dry",3,"2022_dry-03"
"1384",2022-08-16,"2022_dry",3,"2022_dry-03"
"1385",2022-08-17,"2022_dry",3,"2022_dry-03"
"1386",2022-08-18,"2022_dry",3,"2022_dry-03"
"1387",2022-08-19,"2022_dry",3,"2022_dry-03"
"1388",2022-08-20,"2022_dry",3,"2022_dry-03"
"1389",2022-08-21,"2022_dry",3,"2022_dry-03"
"1390",2022-08-22,"2022_dry",4,"2022_dry-04"
"1391",2022-08-23,"2022_dry",4,"2022_dry-04"
"1392",2022-08-24,"2022_dry",4,"2022_dry-04"
"1393",2022-08-25,"2022_dry",4,"2022_dry-04"
"1394",2022-08-26,"2022_dry",4,"2022_dry-04"
"1395",2022-08-27,"2022_dry",4,"2022_dry-04"
"1396",2022-08-28,"2022_dry",4,"2022_dry-04"
"1397",2022-08-29,"2022_dry",5,"2022_dry-05"
"1398",2022-08-30,"2022_dry",5,"2022_dry-05"
"1399",2022-08-31,"2022_dry",5,"2022_dry-05"
"1400",2022-09-01,"2022_dry",5,"2022_dry-05"
"1401",2022-09-02,"2022_dry",5,"2022_dry-05"
"1402",2022-09-03,"2022_dry",5,"2022_dry-05"
"1403",2022-09-04,"2022_dry",5,"2022_dry-05"
"1404",2022-09-05,"2022_dry",6,"2022_dry-06"
"1405",2022-09-06,"2022_dry",6,"2022_dry-06"
"1406",2022-09-07,"2022_dry",6,"2022_dry-06"
"1407",2022-09-08,"2022_dry",6,"2022_dry-06"
"1408",2022-09-09,"2022_dry",6,"2022_dry-06"
"1409",2022-09-10,"2022_dry",6,"2022_dry-06"
"1410",2022-09-11,"2022_dry",6,"2022_dry-06"
"1411",2022-09-12,"2022_dry",7,"2022_dry-07"
"1412",2022-09-13,"2022_dry",7,"2022_dry-07"
"1413",2022-09-14,"2022_dry",7,"2022_dry-07"
"1414",2022-09-15,"2022_dry",7,"2022_dry-07"
"1415",2022-09-16,"2022_dry",7,"2022_dry-07"
"1416",2022-09-17,"2022_dry",7,"2022_dry-07"
"1417",2022-09-18,"2022_dry",7,"2022_dry-07"
"1418",2022-09-19,"2022_dry",8,"2022_dry-08"
"1419",2022-09-20,"2022_dry",8,"2022_dry-08"
"1420",2022-09-21,"2022_dry",8,"2022_dry-08"
"1421",2022-09-22,"2022_dry",8,"2022_dry-08"
"1422",2022-09-23,"2022_dry",8,"2022_dry-08"
"1423",2022-09-24,"2022_dry",8,"2022_dry-08"
"1424",2022-09-25,"2022_dry",8,"2022_dry-08"
"1425",2022-09-26,"2022_dry",9,"2022_dry-09"
"1426",2022-09-27,"2022_dry",9,"2022_dry-09"
"1427",2022-09-28,"2022_dry",9,"2022_dry-09"
"1428",2022-09-29,"2022_dry",9,"2022_dry-09"
"1429",2022-09-30,"2022_dry",9,"2022_dry-09"
"1430",2022-10-01,"2022_dry",9,"2022_dry-09"
"1431",2022-10-02,"2022_dry",9,"2022_dry-09"
"1432",2022-10-03,"2022_dry",10,"2022_dry-10"
"1433",2022-10-04,"2022_dry",10,"2022_dry-10"
"1434",2022-10-05,"2022_dry",10,"2022_dry-10"
"1435",2022-10-06,"2022_dry",10,"2022_dry-10"
"1436",2022-10-07,"2022_dry",10,"2022_dry-10"
"1437",2022-10-08,"2022_dry",10,"2022_dry-10"
"1438",2022-10-09,"2022_dry",10,"2022_dry-10"
"1439",2022-10-10,"2022_dry",11,"2022_dry-11"
"1440",2022-10-11,"2022_dry",11,"2022_dry-11"
"1441",2022-10-12,"2022_dry",11,"2022_dry-11"
"1442",2022-10-13,"2022_dry",11,"2022_dry-11"
"1443",2022-10-14,"2022_dry",11,"2022_dry-11"
"1444",2022-10-15,"2022_dry",11,"2022_dry-11"
"1445",2022-10-16,"2022_dry",11,"2022_dry-11"
"1446",2022-10-17,"2022_dry",12,"2022_dry-12"
"1447",2022-10-18,"2022_dry",12,"2022_dry-12"
"1448",2022-10-19,"2022_dry",12,"2022_dry-12"
"1449",2022-10-20,"2022_dry",12,"2022_dry-12"
"1450",2022-10-21,"2022_dry",12,"2022_dry-12"
"1451",2022-10-22,"2022_dry",12,"2022_dry-12"
"1452",2022-10-23,"2022_dry",12,"2022_dry-12"
"1453",2022-10-24,"2022_dry",13,"2022_dry-13"
"1454",2022-10-25,"2022_dry",13,"2022_dry-13"
"1455",2022-10-26,"2022_dry",13,"2022_dry-13"
"1456",2022-10-27,"2022_dry",13,"2022_dry-13"
"1457",2022-10-28,"2022_dry",13,"2022_dry-13"
"1458",2022-10-29,"2022_dry",13,"2022_dry-13"
"1459",2022-10-30,"2022_dry",13,"2022_dry-13"
"1460",2022-10-31,"2022_dry",14,"2022_dry-14"
"1461",2022-11-01,"2022_dry",14,"2022_dry-14"
"1462",2022-11-02,"2022_dry",14,"2022_dry-14"
"1463",2022-11-03,"2022_dry",14,"2022_dry-14"
"1464",2022-11-04,"2022_dry",14,"2022_dry-14"
"1465",2022-11-05,"2022_dry",14,"2022_dry-14"
"1466",2022-11-06,"2022_dry",14,"2022_dry-14"
"1467",2022-11-07,"2022_dry",15,"2022_dry-15"
"1468",2022-11-08,"2022_dry",15,"2022_dry-15"
"1469",2022-11-09,"2022_dry",15,"2022_dry-15"
"1470",2022-11-10,"2022_dry",15,"2022_dry-15"
"1471",2022-11-11,"2022_dry",15,"2022_dry-15"
"1472",2022-11-12,"2022_dry",15,"2022_dry-15"
"1473",2022-11-13,"2022_dry",15,"2022_dry-15"
"1474",2022-11-14,"2022_dry",16,"2022_dry-16"
"1475",2022-11-15,"2022_dry",16,"2022_dry-16"
"1476",2022-11-16,"2022_dry",16,"2022_dry-16"
"1477",2022-11-17,"2022_dry",16,"2022_dry-16"
"1478",2022-11-18,"2022_dry",16,"2022_dry-16"
"1479",2022-11-19,"2022_dry",16,"2022_dry-16"
"1480",2022-11-20,"2022_dry",16,"2022_dry-16"
"1481",2022-11-21,"2022_dry",17,"2022_dry-17"
"1482",2022-11-22,"2022_dry",17,"2022_dry-17"
"1483",2022-11-23,"2022_dry",17,"2022_dry-17"
"1484",2022-11-24,"2022_dry",17,"2022_dry-17"
"1485",2022-11-25,"2022_dry",17,"2022_dry-17"
"1486",2022-11-26,"2022_dry",17,"2022_dry-17"
"1487",2022-11-27,"2022_dry",17,"2022_dry-17"
"1488",2022-11-28,"2022_dry",18,"2022_dry-18"
"1489",2022-11-29,"2022_dry",18,"2022_dry-18"
"1490",2022-11-30,"2022_dry",18,"2022_dry-18"
"1491",2022-12-01,"2023_wet",1,"2023_wet-01"
"1492",2022-12-02,"2023_wet",1,"2023_wet-01"
"1493",2022-12-03,"2023_wet",1,"2023_wet-01"
"1494",2022-12-04,"2023_wet",1,"2023_wet-01"
"1495",2022-12-05,"2023_wet",1,"2023_wet-01"
"1496",2022-12-06,"2023_wet",1,"2023_wet-01"
"1497",2022-12-07,"2023_wet",1,"2023_wet-01"
"1498",2022-12-08,"2023_wet",2,"2023_wet-02"
"1499",2022-12-09,"2023_wet",2,"2023_wet-02"
"1500",2022-12-10,"2023_wet",2,"2023_wet-02"
"1501",2022-12-11,"2023_wet",2,"2023_wet-02"
"1502",2022-12-12,"2023_wet",2,"2023_wet-02"
"1503",2022-12-13,"2023_wet",2,"2023_wet-02"
"1504",2022-12-14,"2023_wet",2,"2023_wet-02"
"1505",2022-12-15,"2023_wet",3,"2023_wet-03"
"1506",2022-12-16,"2023_wet",3,"2023_wet-03"
"1507",2022-12-17,"2023_wet",3,"2023_wet-03"
"1508",2022-12-18,"2023_wet",3,"2023_wet-03"
"1509",2022-12-19,"2023_wet",3,"2023_wet-03"
"1510",2022-12-20,"2023_wet",3,"2023_wet-03"
"1511",2022-12-21,"2023_wet",3,"2023_wet-03"
"1512",2022-12-22,"2023_wet",4,"2023_wet-04"
"1513",2022-12-23,"2023_wet",4,"2023_wet-04"
"1514",2022-12-24,"2023_wet",4,"2023_wet-04"
"1515",2022-12-25,"2023_wet",4,"2023_wet-04"
"1516",2022-12-26,"2023_wet",4,"2023_wet-04"
"1517",2022-12-27,"2023_wet",4,"2023_wet-04"
"1518",2022-12-28,"2023_wet",4,"2023_wet-04"
"1519",2022-12-29,"2023_wet",5,"2023_wet-05"
"1520",2022-12-30,"2023_wet",5,"2023_wet-05"
"1521",2022-12-31,"2023_wet",5,"2023_wet-05"
"1522",2023-01-01,"2023_wet",5,"2023_wet-05"
"1523",2023-01-02,"2023_wet",5,"2023_wet-05"
"1524",2023-01-03,"2023_wet",5,"2023_wet-05"
"1525",2023-01-04,"2023_wet",5,"2023_wet-05"
"1526",2023-01-05,"2023_wet",6,"2023_wet-06"
"1527",2023-01-06,"2023_wet",6,"2023_wet-06"
"1528",2023-01-07,"2023_wet",6,"2023_wet-06"
"1529",2023-01-08,"2023_wet",6,"2023_wet-06"
"1530",2023-01-09,"2023_wet",6,"2023_wet-06"
"1531",2023-01-10,"2023_wet",6,"2023_wet-06"
"1532",2023-01-11,"2023_wet",6,"2023_wet-06"
"1533",2023-01-12,"2023_wet",7,"2023_wet-07"
"1534",2023-01-13,"2023_wet",7,"2023_wet-07"
"1535",2023-01-14,"2023_wet",7,"2023_wet-07"
"1536",2023-01-15,"2023_wet",7,"2023_wet-07"
"1537",2023-01-16,"2023_wet",7,"2023_wet-07"
"1538",2023-01-17,"2023_wet",7,"2023_wet-07"
"1539",2023-01-18,"2023_wet",7,"2023_wet-07"
"1540",2023-01-19,"2023_wet",8,"2023_wet-08"
"1541",2023-01-20,"2023_wet",8,"2023_wet-08"
"1542",2023-01-21,"2023_wet",8,"2023_wet-08"
"1543",2023-01-22,"2023_wet",8,"2023_wet-08"
"1544",2023-01-23,"2023_wet",8,"2023_wet-08"
"1545",2023-01-24,"2023_wet",8,"2023_wet-08"
"1546",2023-01-25,"2023_wet",8,"2023_wet-08"
"1547",2023-01-26,"2023_wet",9,"2023_wet-09"
"1548",2023-01-27,"2023_wet",9,"2023_wet-09"
"1549",2023-01-28,"2023_wet",9,"2023_wet-09"
"1550",2023-01-29,"2023_wet",9,"2023_wet-09"
"1551",2023-01-30,"2023_wet",9,"2023_wet-09"
"1552",2023-01-31,"2023_wet",9,"2023_wet-09"
"1553",2023-02-01,"2023_wet",9,"2023_wet-09"
"1554",2023-02-02,"2023_wet",10,"2023_wet-10"
"1555",2023-02-03,"2023_wet",10,"2023_wet-10"
"1556",2023-02-04,"2023_wet",10,"2023_wet-10"
"1557",2023-02-05,"2023_wet",10,"2023_wet-10"
"1558",2023-02-06,"2023_wet",10,"2023_wet-10"
"1559",2023-02-07,"2023_wet",10,"2023_wet-10"
"1560",2023-02-08,"2023_wet",10,"2023_wet-10"
"1561",2023-02-09,"2023_wet",11,"2023_wet-11"
"1562",2023-02-10,"2023_wet",11,"2023_wet-11"
"1563",2023-02-11,"2023_wet",11,"2023_wet-11"
"1564",2023-02-12,"2023_wet",11,"2023_wet-11"
"1565",2023-02-13,"2023_wet",11,"2023_wet-11"
"1566",2023-02-14,"2023_wet",11,"2023_wet-11"
"1567",2023-02-15,"2023_wet",11,"2023_wet-11"
"1568",2023-02-16,"2023_wet",12,"2023_wet-12"
"1569",2023-02-17,"2023_wet",12,"2023_wet-12"
"1570",2023-02-18,"2023_wet",12,"2023_wet-12"
"1571",2023-02-19,"2023_wet",12,"2023_wet-12"
"1572",2023-02-20,"2023_wet",12,"2023_wet-12"
"1573",2023-02-21,"2023_wet",12,"2023_wet-12"
"1574",2023-02-22,"2023_wet",12,"2023_wet-12"
"1575",2023-02-23,"2023_wet",13,"2023_wet-13"
"1576",2023-02-24,"2023_wet",13,"2023_wet-13"
"1577",2023-02-25,"2023_wet",13,"2023_wet-13"
"1578",2023-02-26,"2023_wet",13,"2023_wet-13"
"1579",2023-02-27,"2023_wet",13,"2023_wet-13"
"1580",2023-02-28,"2023_wet",13,"2023_wet-13"
"1581",2023-03-01,"2023_wet",13,"2023_wet-13"
"1582",2023-03-02,"2023_wet",14,"2023_wet-14"
"1583",2023-03-03,"2023_wet",14,"2023_wet-14"
"1584",2023-03-04,"2023_wet",14,"2023_wet-14"
"1585",2023-03-05,"2023_wet",14,"2023_wet-14"
"1586",2023-03-06,"2023_wet",14,"2023_wet-14"
"1587",2023-03-07,"2023_wet",14,"2023_wet-14"
"1588",2023-03-08,"2023_wet",14,"2023_wet-14"
"1589",2023-03-09,"2023_wet",15,"2023_wet-15"
"1590",2023-03-10,"2023_wet",15,"2023_wet-15"
"1591",2023-03-11,"2023_wet",15,"2023_wet-15"
"1592",2023-03-12,"2023_wet",15,"2023_wet-15"
"1593",2023-03-13,"2023_wet",15,"2023_wet-15"
"1594",2023-03-14,"2023_wet",15,"2023_wet-15"
"1595",2023-03-15,"2023_wet",15,"2023_wet-15"
"1596",2023-03-16,"2023_wet",16,"2023_wet-16"
"1597",2023-03-17,"2023_wet",16,"2023_wet-16"
"1598",2023-03-18,"2023_wet",16,"2023_wet-16"
"1599",2023-03-19,"2023_wet",16,"2023_wet-16"
"1600",2023-03-20,"2023_wet",16,"2023_wet-16"
"1601",2023-03-21,"2023_wet",16,"2023_wet-16"
"1602",2023-03-22,"2023_wet",16,"2023_wet-16"
"1603",2023-03-23,"2023_wet",17,"2023_wet-17"
"1604",2023-03-24,"2023_wet",17,"2023_wet-17"
"1605",2023-03-25,"2023_wet",17,"2023_wet-17"
"1606",2023-03-26,"2023_wet",17,"2023_wet-17"
"1607",2023-03-27,"2023_wet",17,"2023_wet-17"
"1608",2023-03-28,"2023_wet",17,"2023_wet-17"
"1609",2023-03-29,"2023_wet",17,"2023_wet-17"
"1610",2023-03-30,"2023_wet",18,"2023_wet-18"
"1611",2023-03-31,"2023_wet",18,"2023_wet-18"
"1612",2023-04-01,"2023_wet",18,"2023_wet-18"
"1613",2023-04-02,"2023_wet",18,"2023_wet-18"
"1614",2023-04-03,"2023_wet",18,"2023_wet-18"
"1615",2023-04-04,"2023_wet",18,"2023_wet-18"
"1616",2023-04-05,"2023_wet",18,"2023_wet-18"
"1617",2023-04-06,"2023_wet",19,"2023_wet-19"
"1618",2023-04-07,"2023_wet",19,"2023_wet-19"
"1619",2023-04-08,"2023_wet",19,"2023_wet-19"
"1620",2023-04-09,"2023_wet",19,"2023_wet-19"
"1621",2023-04-10,"2023_wet",19,"2023_wet-19"
"1622",2023-04-11,"2023_wet",19,"2023_wet-19"
"1623",2023-04-12,"2023_wet",19,"2023_wet-19"
"1624",2023-04-13,"2023_wet",20,"2023_wet-20"
"1625",2023-04-14,"2023_wet",20,"2023_wet-20"
"1626",2023-04-15,"2023_wet",20,"2023_wet-20"
"1627",2023-04-16,"2023_wet",20,"2023_wet-20"
"1628",2023-04-17,"2023_wet",20,"2023_wet-20"
"1629",2023-04-18,"2023_wet",20,"2023_wet-20"
"1630",2023-04-19,"2023_wet",20,"2023_wet-20"
"1631",2023-04-20,"2023_wet",21,"2023_wet-21"
"1632",2023-04-21,"2023_wet",21,"2023_wet-21"
"1633",2023-04-22,"2023_wet",21,"2023_wet-21"
"1634",2023-04-23,"2023_wet",21,"2023_wet-21"
"1635",2023-04-24,"2023_wet",21,"2023_wet-21"
"1636",2023-04-25,"2023_wet",21,"2023_wet-21"
"1637",2023-04-26,"2023_wet",21,"2023_wet-21"
"1638",2023-04-27,"2023_wet",22,"2023_wet-22"
"1639",2023-04-28,"2023_wet",22,"2023_wet-22"
"1640",2023-04-29,"2023_wet",22,"2023_wet-22"
"1641",2023-04-30,"2023_wet",22,"2023_wet-22"
"1642",2023-05-01,"2023_cool",1,"2023_cool-01"
"1643",2023-05-02,"2023_cool",1,"2023_cool-01"
"1644",2023-05-03,"2023_cool",1,"2023_cool-01"
"1645",2023-05-04,"2023_cool",1,"2023_cool-01"
"1646",2023-05-05,"2023_cool",1,"2023_cool-01"
"1647",2023-05-06,"2023_cool",1,"2023_cool-01"
"1648",2023-05-07,"2023_cool",1,"2023_cool-01"
"1649",2023-05-08,"2023_cool",2,"2023_cool-02"
"1650",2023-05-09,"2023_cool",2,"2023_cool-02"
"1651",2023-05-10,"2023_cool",2,"2023_cool-02"
"1652",2023-05-11,"2023_cool",2,"2023_cool-02"
"1653",2023-05-12,"2023_cool",2,"2023_cool-02"
"1654",2023-05-13,"2023_cool",2,"2023_cool-02"
"1655",2023-05-14,"2023_cool",2,"2023_cool-02"
"1656",2023-05-15,"2023_cool",3,"2023_cool-03"
"1657",2023-05-16,"2023_cool",3,"2023_cool-03"
"1658",2023-05-17,"2023_cool",3,"2023_cool-03"
"1659",2023-05-18,"2023_cool",3,"2023_cool-03"
"1660",2023-05-19,"2023_cool",3,"2023_cool-03"
"1661",2023-05-20,"2023_cool",3,"2023_cool-03"
"1662",2023-05-21,"2023_cool",3,"2023_cool-03"
"1663",2023-05-22,"2023_cool",4,"2023_cool-04"
"1664",2023-05-23,"2023_cool",4,"2023_cool-04"
"1665",2023-05-24,"2023_cool",4,"2023_cool-04"
"1666",2023-05-25,"2023_cool",4,"2023_cool-04"
"1667",2023-05-26,"2023_cool",4,"2023_cool-04"
"1668",2023-05-27,"2023_cool",4,"2023_cool-04"
"1669",2023-05-28,"2023_cool",4,"2023_cool-04"
"1670",2023-05-29,"2023_cool",5,"2023_cool-05"
"1671",2023-05-30,"2023_cool",5,"2023_cool-05"
"1672",2023-05-31,"2023_cool",5,"2023_cool-05"
"1673",2023-06-01,"2023_cool",5,"2023_cool-05"
"1674",2023-06-02,"2023_cool",5,"2023_cool-05"
"1675",2023-06-03,"2023_cool",5,"2023_cool-05"
"1676",2023-06-04,"2023_cool",5,"2023_cool-05"
"1677",2023-06-05,"2023_cool",6,"2023_cool-06"
"1678",2023-06-06,"2023_cool",6,"2023_cool-06"
"1679",2023-06-07,"2023_cool",6,"2023_cool-06"
"1680",2023-06-08,"2023_cool",6,"2023_cool-06"
"1681",2023-06-09,"2023_cool",6,"2023_cool-06"
"1682",2023-06-10,"2023_cool",6,"2023_cool-06"
"1683",2023-06-11,"2023_cool",6,"2023_cool-06"
"1684",2023-06-12,"2023_cool",7,"2023_cool-07"
"1685",2023-06-13,"2023_cool",7,"2023_cool-07"
"1686",2023-06-14,"2023_cool",7,"2023_cool-07"
"1687",2023-06-15,"2023_cool",7,"2023_cool-07"
"1688",2023-06-16,"2023_cool",7,"2023_cool-07"
"1689",2023-06-17,"2023_cool",7,"2023_cool-07"
"1690",2023-06-18,"2023_cool",7,"2023_cool-07"
"1691",2023-06-19,"2023_cool",8,"2023_cool-08"
"1692",2023-06-20,"2023_cool",8,"2023_cool-08"
"1693",2023-06-21,"2023_cool",8,"2023_cool-08"
"1694",2023-06-22,"2023_cool",8,"2023_cool-08"
"1695",2023-06-23,"2023_cool",8,"2023_cool-08"
"1696",2023-06-24,"2023_cool",8,"2023_cool-08"
"1697",2023-06-25,"2023_cool",8,"2023_cool-08"
"1698",2023-06-26,"2023_cool",9,"2023_cool-09"
"1699",2023-06-27,"2023_cool",9,"2023_cool-09"
"1700",2023-06-28,"2023_cool",9,"2023_cool-09"
"1701",2023-06-29,"2023_cool",9,"2023_cool-09"
"1702",2023-06-30,"2023_cool",9,"2023_cool-09"
"1703",2023-07-01,"2023_cool",9,"2023_cool-09"
"1704",2023-07-02,"2023_cool",9,"2023_cool-09"
"1705",2023-07-03,"2023_cool",10,"2023_cool-10"
"1706",2023-07-04,"2023_cool",10,"2023_cool-10"
"1707",2023-07-05,"2023_cool",10,"2023_cool-10"
"1708",2023-07-06,"2023_cool",10,"2023_cool-10"
"1709",2023-07-07,"2023_cool",10,"2023_cool-10"
"1710",2023-07-08,"2023_cool",10,"2023_cool-10"
"1711",2023-07-09,"2023_cool",10,"2023_cool-10"
"1712",2023-07-10,"2023_cool",11,"2023_cool-11"
"1713",2023-07-11,"2023_cool",11,"2023_cool-11"
"1714",2023-07-12,"2023_cool",11,"2023_cool-11"
"1715",2023-07-13,"2023_cool",11,"2023_cool-11"
"1716",2023-07-14,"2023_cool",11,"2023_cool-11"
"1717",2023-07-15,"2023_cool",11,"2023_cool-11"
"1718",2023-07-16,"2023_cool",11,"2023_cool-11"
"1719",2023-07-17,"2023_cool",12,"2023_cool-12"
"1720",2023-07-18,"2023_cool",12,"2023_cool-12"
"1721",2023-07-19,"2023_cool",12,"2023_cool-12"
"1722",2023-07-20,"2023_cool",12,"2023_cool-12"
"1723",2023-07-21,"2023_cool",12,"2023_cool-12"
"1724",2023-07-22,"2023_cool",12,"2023_cool-12"
"1725",2023-07-23,"2023_cool",12,"2023_cool-12"
"1726",2023-07-24,"2023_cool",13,"2023_cool-13"
"1727",2023-07-25,"2023_cool",13,"2023_cool-13"
"1728",2023-07-26,"2023_cool",13,"2023_cool-13"
"1729",2023-07-27,"2023_cool",13,"2023_cool-13"
"1730",2023-07-28,"2023_cool",13,"2023_cool-13"
"1731",2023-07-29,"2023_cool",13,"2023_cool-13"
"1732",2023-07-30,"2023_cool",13,"2023_cool-13"
"1733",2023-07-31,"2023_cool",14,"2023_cool-14"
"1734",2023-08-01,"2023_dry",1,"2023_dry-01"
"1735",2023-08-02,"2023_dry",1,"2023_dry-01"
"1736",2023-08-03,"2023_dry",1,"2023_dry-01"
"1737",2023-08-04,"2023_dry",1,"2023_dry-01"
"1738",2023-08-05,"2023_dry",1,"2023_dry-01"
"1739",2023-08-06,"2023_dry",1,"2023_dry-01"
"1740",2023-08-07,"2023_dry",1,"2023_dry-01"
"1741",2023-08-08,"2023_dry",2,"2023_dry-02"
"1742",2023-08-09,"2023_dry",2,"2023_dry-02"
"1743",2023-08-10,"2023_dry",2,"2023_dry-02"
"1744",2023-08-11,"2023_dry",2,"2023_dry-02"
"1745",2023-08-12,"2023_dry",2,"2023_dry-02"
"1746",2023-08-13,"2023_dry",2,"2023_dry-02"
"1747",2023-08-14,"2023_dry",2,"2023_dry-02"
"1748",2023-08-15,"2023_dry",3,"2023_dry-03"
"1749",2023-08-16,"2023_dry",3,"2023_dry-03"
"1750",2023-08-17,"2023_dry",3,"2023_dry-03"
"1751",2023-08-18,"2023_dry",3,"2023_dry-03"
"1752",2023-08-19,"2023_dry",3,"2023_dry-03"
"1753",2023-08-20,"2023_dry",3,"2023_dry-03"
"1754",2023-08-21,"2023_dry",3,"2023_dry-03"
"1755",2023-08-22,"2023_dry",4,"2023_dry-04"
"1756",2023-08-23,"2023_dry",4,"2023_dry-04"
"1757",2023-08-24,"2023_dry",4,"2023_dry-04"
"1758",2023-08-25,"2023_dry",4,"2023_dry-04"
"1759",2023-08-26,"2023_dry",4,"2023_dry-04"
"1760",2023-08-27,"2023_dry",4,"2023_dry-04"
"1761",2023-08-28,"2023_dry",4,"2023_dry-04"
"1762",2023-08-29,"2023_dry",5,"2023_dry-05"
"1763",2023-08-30,"2023_dry",5,"2023_dry-05"
"1764",2023-08-31,"2023_dry",5,"2023_dry-05"
"1765",2023-09-01,"2023_dry",5,"2023_dry-05"
"1766",2023-09-02,"2023_dry",5,"2023_dry-05"
"1767",2023-09-03,"2023_dry",5,"2023_dry-05"
"1768",2023-09-04,"2023_dry",5,"2023_dry-05"
"1769",2023-09-05,"2023_dry",6,"2023_dry-06"
"1770",2023-09-06,"2023_dry",6,"2023_dry-06"
"1771",2023-09-07,"2023_dry",6,"2023_dry-06"
"1772",2023-09-08,"2023_dry",6,"2023_dry-06"
"1773",2023-09-09,"2023_dry",6,"2023_dry-06"
"1774",2023-09-10,"2023_dry",6,"2023_dry-06"
"1775",2023-09-11,"2023_dry",6,"2023_dry-06"
"1776",2023-09-12,"2023_dry",7,"2023_dry-07"
"1777",2023-09-13,"2023_dry",7,"2023_dry-07"
"1778",2023-09-14,"2023_dry",7,"2023_dry-07"
"1779",2023-09-15,"2023_dry",7,"2023_dry-07"
"1780",2023-09-16,"2023_dry",7,"2023_dry-07"
"1781",2023-09-17,"2023_dry",7,"2023_dry-07"
"1782",2023-09-18,"2023_dry",7,"2023_dry-07"
"1783",2023-09-19,"2023_dry",8,"2023_dry-08"
"1784",2023-09-20,"2023_dry",8,"2023_dry-08"
"1785",2023-09-21,"2023_dry",8,"2023_dry-08"
"1786",2023-09-22,"2023_dry",8,"2023_dry-08"
"1787",2023-09-23,"2023_dry",8,"2023_dry-08"
"1788",2023-09-24,"2023_dry",8,"2023_dry-08"
"1789",2023-09-25,"2023_dry",8,"2023_dry-08"
"1790",2023-09-26,"2023_dry",9,"2023_dry-09"
"1791",2023-09-27,"2023_dry",9,"2023_dry-09"
"1792",2023-09-28,"2023_dry",9,"2023_dry-09"
"1793",2023-09-29,"2023_dry",9,"2023_dry-09"
"1794",2023-09-30,"2023_dry",9,"2023_dry-09"
"1795",2023-10-01,"2023_dry",9,"2023_dry-09"
"1796",2023-10-02,"2023_dry",9,"2023_dry-09"
"1797",2023-10-03,"2023_dry",10,"2023_dry-10"
"1798",2023-10-04,"2023_dry",10,"2023_dry-10"
"1799",2023-10-05,"2023_dry",10,"2023_dry-10"
"1800",2023-10-06,"2023_dry",10,"2023_dry-10"
"1801",2023-10-07,"2023_dry",10,"2023_dry-10"
"1802",2023-10-08,"2023_dry",10,"2023_dry-10"
"1803",2023-10-09,"2023_dry",10,"2023_dry-10"
"1804",2023-10-10,"2023_dry",11,"2023_dry-11"
"1805",2023-10-11,"2023_dry",11,"2023_dry-11"
"1806",2023-10-12,"2023_dry",11,"2023_dry-11"
"1807",2023-10-13,"2023_dry",11,"2023_dry-11"
"1808",2023-10-14,"2023_dry",11,"2023_dry-11"
"1809",2023-10-15,"2023_dry",11,"2023_dry-11"
"1810",2023-10-16,"2023_dry",11,"2023_dry-11"
"1811",2023-10-17,"2023_dry",12,"2023_dry-12"
"1812",2023-10-18,"2023_dry",12,"2023_dry-12"
"1813",2023-10-19,"2023_dry",12,"2023_dry-12"
"1814",2023-10-20,"2023_dry",12,"2023_dry-12"
"1815",2023-10-21,"2023_dry",12,"2023_dry-12"
"1816",2023-10-22,"2023_dry",12,"2023_dry-12"
"1817",2023-10-23,"2023_dry",12,"2023_dry-12"
"1818",2023-10-24,"2023_dry",13,"2023_dry-13"
"1819",2023-10-25,"2023_dry",13,"2023_dry-13"
"1820",2023-10-26,"2023_dry",13,"2023_dry-13"
"1821",2023-10-27,"2023_dry",13,"2023_dry-13"
"1822",2023-10-28,"2023_dry",13,"2023_dry-13"
"1823",2023-10-29,"2023_dry",13,"2023_dry-13"
"1824",2023-10-30,"2023_dry",13,"2023_dry-13"
"1825",2023-10-31,"2023_dry",14,"2023_dry-14"
"1826",2023-11-01,"2023_dry",14,"2023_dry-14"
"1827",2023-11-02,"2023_dry",14,"2023_dry-14"
"1828",2023-11-03,"2023_dry",14,"2023_dry-14"
"1829",2023-11-04,"2023_dry",14,"2023_dry-14"
"1830",2023-11-05,"2023_dry",14,"2023_dry-14"
"1831",2023-11-06,"2023_dry",14,"2023_dry-14"
"1832",2023-11-07,"2023_dry",15,"2023_dry-15"
"1833",2023-11-08,"2023_dry",15,"2023_dry-15"
"1834",2023-11-09,"2023_dry",15,"2023_dry-15"
"1835",2023-11-10,"2023_dry",15,"2023_dry-15"
"1836",2023-11-11,"2023_dry",15,"2023_dry-15"
"1837",2023-11-12,"2023_dry",15,"2023_dry-15"
"1838",2023-11-13,"2023_dry",15,"2023_dry-15"
"1839",2023-11-14,"2023_dry",16,"2023_dry-16"
"1840",2023-11-15,"2023_dry",16,"2023_dry-16"
"1841",2023-11-16,"2023_dry",16,"2023_dry-16"
"1842",2023-11-17,"2023_dry",16,"2023_dry-16"
"1843",2023-11-18,"2023_dry",16,"2023_dry-16"
"1844",2023-11-19,"2023_dry",16,"2023_dry-16"
"1845",2023-11-20,"2023_dry",16,"2023_dry-16"
"1846",2023-11-21,"2023_dry",17,"2023_dry-17"
"1847",2023-11-22,"2023_dry",17,"2023_dry-17"
"1848",2023-11-23,"2023_dry",17,"2023_dry-17"
"1849",2023-11-24,"2023_dry",17,"2023_dry-17"
"1850",2023-11-25,"2023_dry",17,"2023_dry-17"
"1851",2023-11-26,"2023_dry",17,"2023_dry-17"
"1852",2023-11-27,"2023_dry",17,"2023_dry-17"
"1853",2023-11-28,"2023_dry",18,"2023_dry-18"
"1854",2023-11-29,"2023_dry",18,"2023_dry-18"
"1855",2023-11-30,"2023_dry",18,"2023_dry-18"
"1856",2023-12-01,"2024_wet",1,"2024_wet-01"
"1857",2023-12-02,"2024_wet",1,"2024_wet-01"
"1858",2023-12-03,"2024_wet",1,"2024_wet-01"
"1859",2023-12-04,"2024_wet",1,"2024_wet-01"
"1860",2023-12-05,"2024_wet",1,"2024_wet-01"
"1861",2023-12-06,"2024_wet",1,"2024_wet-01"
"1862",2023-12-07,"2024_wet",1,"2024_wet-01"
"1863",2023-12-08,"2024_wet",2,"2024_wet-02"
"1864",2023-12-09,"2024_wet",2,"2024_wet-02"
"1865",2023-12-10,"2024_wet",2,"2024_wet-02"
"1866",2023-12-11,"2024_wet",2,"2024_wet-02"
"1867",2023-12-12,"2024_wet",2,"2024_wet-02"
"1868",2023-12-13,"2024_wet",2,"2024_wet-02"
"1869",2023-12-14,"2024_wet",2,"2024_wet-02"
"1870",2023-12-15,"2024_wet",3,"2024_wet-03"
"1871",2023-12-16,"2024_wet",3,"2024_wet-03"
"1872",2023-12-17,"2024_wet",3,"2024_wet-03"
"1873",2023-12-18,"2024_wet",3,"2024_wet-03"
"1874",2023-12-19,"2024_wet",3,"2024_wet-03"
"1875",2023-12-20,"2024_wet",3,"2024_wet-03"
"1876",2023-12-21,"2024_wet",3,"2024_wet-03"
"1877",2023-12-22,"2024_wet",4,"2024_wet-04"
"1878",2023-12-23,"2024_wet",4,"2024_wet-04"
"1879",2023-12-24,"2024_wet",4,"2024_wet-04"
"1880",2023-12-25,"2024_wet",4,"2024_wet-04"
"1881",2023-12-26,"2024_wet",4,"2024_wet-04"
"1882",2023-12-27,"2024_wet",4,"2024_wet-04"
"1883",2023-12-28,"2024_wet",4,"2024_wet-04"
"1884",2023-12-29,"2024_wet",5,"2024_wet-05"
"1885",2023-12-30,"2024_wet",5,"2024_wet-05"
"1886",2023-12-31,"2024_wet",5,"2024_wet-05"
"1887",2024-01-01,"2024_wet",5,"2024_wet-05"
"1888",2024-01-02,"2024_wet",5,"2024_wet-05"
"1889",2024-01-03,"2024_wet",5,"2024_wet-05"
"1890",2024-01-04,"2024_wet",5,"2024_wet-05"
"1891",2024-01-05,"2024_wet",6,"2024_wet-06"
"1892",2024-01-06,"2024_wet",6,"2024_wet-06"
"1893",2024-01-07,"2024_wet",6,"2024_wet-06"
"1894",2024-01-08,"2024_wet",6,"2024_wet-06"
"1895",2024-01-09,"2024_wet",6,"2024_wet-06"
"1896",2024-01-10,"2024_wet",6,"2024_wet-06"
"1897",2024-01-11,"2024_wet",6,"2024_wet-06"
"1898",2024-01-12,"2024_wet",7,"2024_wet-07"
"1899",2024-01-13,"2024_wet",7,"2024_wet-07"
"1900",2024-01-14,"2024_wet",7,"2024_wet-07"
"1901",2024-01-15,"2024_wet",7,"2024_wet-07"
"1902",2024-01-16,"2024_wet",7,"2024_wet-07"
"1903",2024-01-17,"2024_wet",7,"2024_wet-07"
"1904",2024-01-18,"2024_wet",7,"2024_wet-07"
"1905",2024-01-19,"2024_wet",8,"2024_wet-08"
"1906",2024-01-20,"2024_wet",8,"2024_wet-08"
"1907",2024-01-21,"2024_wet",8,"2024_wet-08"
"1908",2024-01-22,"2024_wet",8,"2024_wet-08"
"1909",2024-01-23,"2024_wet",8,"2024_wet-08"
"1910",2024-01-24,"2024_wet",8,"2024_wet-08"
"1911",2024-01-25,"2024_wet",8,"2024_wet-08"
"1912",2024-01-26,"2024_wet",9,"2024_wet-09"
"1913",2024-01-27,"2024_wet",9,"2024_wet-09"
"1914",2024-01-28,"2024_wet",9,"2024_wet-09"
"1915",2024-01-29,"2024_wet",9,"2024_wet-09"
"1916",2024-01-30,"2024_wet",9,"2024_wet-09"
"1917",2024-01-31,"2024_wet",9,"2024_wet-09"
"1918",2024-02-01,"2024_wet",9,"2024_wet-09"
"1919",2024-02-02,"2024_wet",10,"2024_wet-10"
"1920",2024-02-03,"2024_wet",10,"2024_wet-10"
"1921",2024-02-04,"2024_wet",10,"2024_wet-10"
"1922",2024-02-05,"2024_wet",10,"2024_wet-10"
"1923",2024-02-06,"2024_wet",10,"2024_wet-10"
"1924",2024-02-07,"2024_wet",10,"2024_wet-10"
"1925",2024-02-08,"2024_wet",10,"2024_wet-10"
"1926",2024-02-09,"2024_wet",11,"2024_wet-11"
"1927",2024-02-10,"2024_wet",11,"2024_wet-11"
"1928",2024-02-11,"2024_wet",11,"2024_wet-11"
"1929",2024-02-12,"2024_wet",11,"2024_wet-11"
"1930",2024-02-13,"2024_wet",11,"2024_wet-11"
"1931",2024-02-14,"2024_wet",11,"2024_wet-11"
"1932",2024-02-15,"2024_wet",11,"2024_wet-11"
"1933",2024-02-16,"2024_wet",12,"2024_wet-12"
"1934",2024-02-17,"2024_wet",12,"2024_wet-12"
"1935",2024-02-18,"2024_wet",12,"2024_wet-12"
"1936",2024-02-19,"2024_wet",12,"2024_wet-12"
"1937",2024-02-20,"2024_wet",12,"2024_wet-12"
"1938",2024-02-21,"2024_wet",12,"2024_wet-12"
"1939",2024-02-22,"2024_wet",12,"2024_wet-12"
"1940",2024-02-23,"2024_wet",13,"2024_wet-13"
"1941",2024-02-24,"2024_wet",13,"2024_wet-13"
"1942",2024-02-25,"2024_wet",13,"2024_wet-13"
"1943",2024-02-26,"2024_wet",13,"2024_wet-13"
"1944",2024-02-27,"2024_wet",13,"2024_wet-13"
"1945",2024-02-28,"2024_wet",13,"2024_wet-13"
"1946",2024-02-29,"2024_wet",13,"2024_wet-13"
"1947",2024-03-01,"2024_wet",14,"2024_wet-14"
"1948",2024-03-02,"2024_wet",14,"2024_wet-14"
"1949",2024-03-03,"2024_wet",14,"2024_wet-14"
"1950",2024-03-04,"2024_wet",14,"2024_wet-14"
"1951",2024-03-05,"2024_wet",14,"2024_wet-14"
"1952",2024-03-06,"2024_wet",14,"2024_wet-14"
"1953",2024-03-07,"2024_wet",14,"2024_wet-14"
"1954",2024-03-08,"2024_wet",15,"2024_wet-15"
"1955",2024-03-09,"2024_wet",15,"2024_wet-15"
"1956",2024-03-10,"2024_wet",15,"2024_wet-15"
"1957",2024-03-11,"2024_wet",15,"2024_wet-15"
"1958",2024-03-12,"2024_wet",15,"2024_wet-15"
"1959",2024-03-13,"2024_wet",15,"2024_wet-15"
"1960",2024-03-14,"2024_wet",15,"2024_wet-15"
"1961",2024-03-15,"2024_wet",16,"2024_wet-16"
"1962",2024-03-16,"2024_wet",16,"2024_wet-16"
"1963",2024-03-17,"2024_wet",16,"2024_wet-16"
"1964",2024-03-18,"2024_wet",16,"2024_wet-16"
"1965",2024-03-19,"2024_wet",16,"2024_wet-16"
"1966",2024-03-20,"2024_wet",16,"2024_wet-16"
"1967",2024-03-21,"2024_wet",16,"2024_wet-16"
"1968",2024-03-22,"2024_wet",17,"2024_wet-17"
"1969",2024-03-23,"2024_wet",17,"2024_wet-17"
"1970",2024-03-24,"2024_wet",17,"2024_wet-17"
"1971",2024-03-25,"2024_wet",17,"2024_wet-17"
"1972",2024-03-26,"2024_wet",17,"2024_wet-17"
"1973",2024-03-27,"2024_wet",17,"2024_wet-17"
"1974",2024-03-28,"2024_wet",17,"2024_wet-17"
"1975",2024-03-29,"2024_wet",18,"2024_wet-18"
"1976",2024-03-30,"2024_wet",18,"2024_wet-18"
"1977",2024-03-31,"2024_wet",18,"2024_wet-18"
"1978",2024-04-01,"2024_wet",18,"2024_wet-18"
"1979",2024-04-02,"2024_wet",18,"2024_wet-18"
"1980",2024-04-03,"2024_wet",18,"2024_wet-18"
"1981",2024-04-04,"2024_wet",18,"2024_wet-18"
"1982",2024-04-05,"2024_wet",19,"2024_wet-19"
"1983",2024-04-06,"2024_wet",19,"2024_wet-19"
"1984",2024-04-07,"2024_wet",19,"2024_wet-19"
"1985",2024-04-08,"2024_wet",19,"2024_wet-19"
"1986",2024-04-09,"2024_wet",19,"2024_wet-19"
"1987",2024-04-10,"2024_wet",19,"2024_wet-19"
"1988",2024-04-11,"2024_wet",19,"2024_wet-19"
"1989",2024-04-12,"2024_wet",20,"2024_wet-20"
"1990",2024-04-13,"2024_wet",20,"2024_wet-20"
"1991",2024-04-14,"2024_wet",20,"2024_wet-20"
"1992",2024-04-15,"2024_wet",20,"2024_wet-20"
"1993",2024-04-16,"2024_wet",20,"2024_wet-20"
"1994",2024-04-17,"2024_wet",20,"2024_wet-20"
"1995",2024-04-18,"2024_wet",20,"2024_wet-20"
"1996",2024-04-19,"2024_wet",21,"2024_wet-21"
"1997",2024-04-20,"2024_wet",21,"2024_wet-21"
"1998",2024-04-21,"2024_wet",21,"2024_wet-21"
"1999",2024-04-22,"2024_wet",21,"2024_wet-21"
"2000",2024-04-23,"2024_wet",21,"2024_wet-21"
"2001",2024-04-24,"2024_wet",21,"2024_wet-21"
"2002",2024-04-25,"2024_wet",21,"2024_wet-21"
"2003",2024-04-26,"2024_wet",22,"2024_wet-22"
"2004",2024-04-27,"2024_wet",22,"2024_wet-22"
"2005",2024-04-28,"2024_wet",22,"2024_wet-22"
"2006",2024-04-29,"2024_wet",22,"2024_wet-22"
"2007",2024-04-30,"2024_wet",22,"2024_wet-22"
"2008",2024-05-01,"2024_cool",1,"2024_cool-01"
"2009",2024-05-02,"2024_cool",1,"2024_cool-01"
"2010",2024-05-03,"2024_cool",1,"2024_cool-01"
"2011",2024-05-04,"2024_cool",1,"2024_cool-01"
"2012",2024-05-05,"2024_cool",1,"2024_cool-01"
"2013",2024-05-06,"2024_cool",1,"2024_cool-01"
"2014",2024-05-07,"2024_cool",1,"2024_cool-01"
"2015",2024-05-08,"2024_cool",2,"2024_cool-02"
"2016",2024-05-09,"2024_cool",2,"2024_cool-02"
"2017",2024-05-10,"2024_cool",2,"2024_cool-02"
"2018",2024-05-11,"2024_cool",2,"2024_cool-02"
"2019",2024-05-12,"2024_cool",2,"2024_cool-02"
"2020",2024-05-13,"2024_cool",2,"2024_cool-02"
"2021",2024-05-14,"2024_cool",2,"2024_cool-02"
"2022",2024-05-15,"2024_cool",3,"2024_cool-03"
"2023",2024-05-16,"2024_cool",3,"2024_cool-03"
"2024",2024-05-17,"2024_cool",3,"2024_cool-03"
"2025",2024-05-18,"2024_cool",3,"2024_cool-03"
"2026",2024-05-19,"2024_cool",3,"2024_cool-03"
"2027",2024-05-20,"2024_cool",3,"2024_cool-03"
"2028",2024-05-21,"2024_cool",3,"2024_cool-03"
"2029",2024-05-22,"2024_cool",4,"2024_cool-04"
"2030",2024-05-23,"2024_cool",4,"2024_cool-04"
"2031",2024-05-24,"2024_cool",4,"2024_cool-04"
"2032",2024-05-25,"2024_cool",4,"2024_cool-04"
"2033",2024-05-26,"2024_cool",4,"2024_cool-04"
"2034",2024-05-27,"2024_cool",4,"2024_cool-04"
"2035",2024-05-28,"2024_cool",4,"2024_cool-04"
"2036",2024-05-29,"2024_cool",5,"2024_cool-05"
"2037",2024-05-30,"2024_cool",5,"2024_cool-05"
"2038",2024-05-31,"2024_cool",5,"2024_cool-05"
"2039",2024-06-01,"2024_cool",5,"2024_cool-05"
"2040",2024-06-02,"2024_cool",5,"2024_cool-05"
"2041",2024-06-03,"2024_cool",5,"2024_cool-05"
"2042",2024-06-04,"2024_cool",5,"2024_cool-05"
"2043",2024-06-05,"2024_cool",6,"2024_cool-06"
"2044",2024-06-06,"2024_cool",6,"2024_cool-06"
"2045",2024-06-07,"2024_cool",6,"2024_cool-06"
"2046",2024-06-08,"2024_cool",6,"2024_cool-06"
"2047",2024-06-09,"2024_cool",6,"2024_cool-06"
"2048",2024-06-10,"2024_cool",6,"2024_cool-06"
"2049",2024-06-11,"2024_cool",6,"2024_cool-06"
"2050",2024-06-12,"2024_cool",7,"2024_cool-07"
"2051",2024-06-13,"2024_cool",7,"2024_cool-07"
"2052",2024-06-14,"2024_cool",7,"2024_cool-07"
"2053",2024-06-15,"2024_cool",7,"2024_cool-07"
"2054",2024-06-16,"2024_cool",7,"2024_cool-07"
"2055",2024-06-17,"2024_cool",7,"2024_cool-07"
"2056",2024-06-18,"2024_cool",7,"2024_cool-07"
"2057",2024-06-19,"2024_cool",8,"2024_cool-08"
"2058",2024-06-20,"2024_cool",8,"2024_cool-08"
"2059",2024-06-21,"2024_cool",8,"2024_cool-08"
"2060",2024-06-22,"2024_cool",8,"2024_cool-08"
"2061",2024-06-23,"2024_cool",8,"2024_cool-08"
"2062",2024-06-24,"2024_cool",8,"2024_cool-08"
"2063",2024-06-25,"2024_cool",8,"2024_cool-08"
"2064",2024-06-26,"2024_cool",9,"2024_cool-09"
"2065",2024-06-27,"2024_cool",9,"2024_cool-09"
"2066",2024-06-28,"2024_cool",9,"2024_cool-09"
"2067",2024-06-29,"2024_cool",9,"2024_cool-09"
"2068",2024-06-30,"2024_cool",9,"2024_cool-09"
"2069",2024-07-01,"2024_cool",9,"2024_cool-09"
"2070",2024-07-02,"2024_cool",9,"2024_cool-09"
"2071",2024-07-03,"2024_cool",10,"2024_cool-10"
"2072",2024-07-04,"2024_cool",10,"2024_cool-10"
"2073",2024-07-05,"2024_cool",10,"2024_cool-10"
"2074",2024-07-06,"2024_cool",10,"2024_cool-10"
"2075",2024-07-07,"2024_cool",10,"2024_cool-10"
"2076",2024-07-08,"2024_cool",10,"2024_cool-10"
"2077",2024-07-09,"2024_cool",10,"2024_cool-10"
"2078",2024-07-10,"2024_cool",11,"2024_cool-11"
"2079",2024-07-11,"2024_cool",11,"2024_cool-11"
"2080",2024-07-12,"2024_cool",11,"2024_cool-11"
"2081",2024-07-13,"2024_cool",11,"2024_cool-11"
"2082",2024-07-14,"2024_cool",11,"2024_cool-11"
"2083",2024-07-15,"2024_cool",11,"2024_cool-11"
"2084",2024-07-16,"2024_cool",11,"2024_cool-11"
"2085",2024-07-17,"2024_cool",12,"2024_cool-12"
"2086",2024-07-18,"2024_cool",12,"2024_cool-12"
"2087",2024-07-19,"2024_cool",12,"2024_cool-12"
"2088",2024-07-20,"2024_cool",12,"2024_cool-12"
"2089",2024-07-21,"2024_cool",12,"2024_cool-12"
"2090",2024-07-22,"2024_cool",12,"2024_cool-12"
"2091",2024-07-23,"2024_cool",12,"2024_cool-12"
"2092",2024-07-24,"2024_cool",13,"2024_cool-13"
"2093",2024-07-25,"2024_cool",13,"2024_cool-13"
"2094",2024-07-26,"2024_cool",13,"2024_cool-13"
"2095",2024-07-27,"2024_cool",13,"2024_cool-13"
"2096",2024-07-28,"2024_cool",13,"2024_cool-13"
"2097",2024-07-29,"2024_cool",13,"2024_cool-13"
"2098",2024-07-30,"2024_cool",13,"2024_cool-13"
"2099",2024-07-31,"2024_cool",14,"2024_cool-14"
"2100",2024-08-01,"2024_dry",1,"2024_dry-01"
"2101",2024-08-02,"2024_dry",1,"2024_dry-01"
"2102",2024-08-03,"2024_dry",1,"2024_dry-01"
"2103",2024-08-04,"2024_dry",1,"2024_dry-01"
"2104",2024-08-05,"2024_dry",1,"2024_dry-01"
"2105",2024-08-06,"2024_dry",1,"2024_dry-01"
"2106",2024-08-07,"2024_dry",1,"2024_dry-01"
"2107",2024-08-08,"2024_dry",2,"2024_dry-02"
"2108",2024-08-09,"2024_dry",2,"2024_dry-02"
"2109",2024-08-10,"2024_dry",2,"2024_dry-02"
"2110",2024-08-11,"2024_dry",2,"2024_dry-02"
"2111",2024-08-12,"2024_dry",2,"2024_dry-02"
"2112",2024-08-13,"2024_dry",2,"2024_dry-02"
"2113",2024-08-14,"2024_dry",2,"2024_dry-02"
"2114",2024-08-15,"2024_dry",3,"2024_dry-03"
"2115",2024-08-16,"2024_dry",3,"2024_dry-03"
"2116",2024-08-17,"2024_dry",3,"2024_dry-03"
"2117",2024-08-18,"2024_dry",3,"2024_dry-03"
"2118",2024-08-19,"2024_dry",3,"2024_dry-03"
"2119",2024-08-20,"2024_dry",3,"2024_dry-03"
"2120",2024-08-21,"2024_dry",3,"2024_dry-03"
"2121",2024-08-22,"2024_dry",4,"2024_dry-04"
"2122",2024-08-23,"2024_dry",4,"2024_dry-04"
"2123",2024-08-24,"2024_dry",4,"2024_dry-04"
"2124",2024-08-25,"2024_dry",4,"2024_dry-04"
"2125",2024-08-26,"2024_dry",4,"2024_dry-04"
"2126",2024-08-27,"2024_dry",4,"2024_dry-04"
"2127",2024-08-28,"2024_dry",4,"2024_dry-04"
"2128",2024-08-29,"2024_dry",5,"2024_dry-05"
"2129",2024-08-30,"2024_dry",5,"2024_dry-05"
"2130",2024-08-31,"2024_dry",5,"2024_dry-05"
"2131",2024-09-01,"2024_dry",5,"2024_dry-05"
"2132",2024-09-02,"2024_dry",5,"2024_dry-05"
"2133",2024-09-03,"2024_dry",5,"2024_dry-05"
"2134",2024-09-04,"2024_dry",5,"2024_dry-05"
"2135",2024-09-05,"2024_dry",6,"2024_dry-06"
"2136",2024-09-06,"2024_dry",6,"2024_dry-06"
"2137",2024-09-07,"2024_dry",6,"2024_dry-06"
"2138",2024-09-08,"2024_dry",6,"2024_dry-06"
"2139",2024-09-09,"2024_dry",6,"2024_dry-06"
"2140",2024-09-10,"2024_dry",6,"2024_dry-06"
"2141",2024-09-11,"2024_dry",6,"2024_dry-06"
"2142",2024-09-12,"2024_dry",7,"2024_dry-07"
"2143",2024-09-13,"2024_dry",7,"2024_dry-07"
"2144",2024-09-14,"2024_dry",7,"2024_dry-07"
"2145",2024-09-15,"2024_dry",7,"2024_dry-07"
"2146",2024-09-16,"2024_dry",7,"2024_dry-07"
"2147",2024-09-17,"2024_dry",7,"2024_dry-07"
"2148",2024-09-18,"2024_dry",7,"2024_dry-07"
"2149",2024-09-19,"2024_dry",8,"2024_dry-08"
"2150",2024-09-20,"2024_dry",8,"2024_dry-08"
"2151",2024-09-21,"2024_dry",8,"2024_dry-08"
"2152",2024-09-22,"2024_dry",8,"2024_dry-08"
"2153",2024-09-23,"2024_dry",8,"2024_dry-08"
"2154",2024-09-24,"2024_dry",8,"2024_dry-08"
"2155",2024-09-25,"2024_dry",8,"2024_dry-08"
"2156",2024-09-26,"2024_dry",9,"2024_dry-09"
"2157",2024-09-27,"2024_dry",9,"2024_dry-09"
"2158",2024-09-28,"2024_dry",9,"2024_dry-09"
"2159",2024-09-29,"2024_dry",9,"2024_dry-09"
"2160",2024-09-30,"2024_dry",9,"2024_dry-09"
"2161",2024-10-01,"2024_dry",9,"2024_dry-09"
"2162",2024-10-02,"2024_dry",9,"2024_dry-09"
"2163",2024-10-03,"2024_dry",10,"2024_dry-10"
"2164",2024-10-04,"2024_dry",10,"2024_dry-10"
"2165",2024-10-05,"2024_dry",10,"2024_dry-10"
"2166",2024-10-06,"2024_dry",10,"2024_dry-10"
"2167",2024-10-07,"2024_dry",10,"2024_dry-10"
"2168",2024-10-08,"2024_dry",10,"2024_dry-10"
"2169",2024-10-09,"2024_dry",10,"2024_dry-10"
"2170",2024-10-10,"2024_dry",11,"2024_dry-11"
"2171",2024-10-11,"2024_dry",11,"2024_dry-11"
"2172",2024-10-12,"2024_dry",11,"2024_dry-11"
"2173",2024-10-13,"2024_dry",11,"2024_dry-11"
"2174",2024-10-14,"2024_dry",11,"2024_dry-11"
"2175",2024-10-15,"2024_dry",11,"2024_dry-11"
"2176",2024-10-16,"2024_dry",11,"2024_dry-11"
"2177",2024-10-17,"2024_dry",12,"2024_dry-12"
"2178",2024-10-18,"2024_dry",12,"2024_dry-12"
"2179",2024-10-19,"2024_dry",12,"2024_dry-12"
"2180",2024-10-20,"2024_dry",12,"2024_dry-12"
"2181",2024-10-21,"2024_dry",12,"2024_dry-12"
"2182",2024-10-22,"2024_dry",12,"2024_dry-12"
"2183",2024-10-23,"2024_dry",12,"2024_dry-12"
"2184",2024-10-24,"2024_dry",13,"2024_dry-13"
"2185",2024-10-25,"2024_dry",13,"2024_dry-13"
"2186",2024-10-26,"2024_dry",13,"2024_dry-13"
"2187",2024-10-27,"2024_dry",13,"2024_dry-13"
"2188",2024-10-28,"2024_dry",13,"2024_dry-13"
"2189",2024-10-29,"2024_dry",13,"2024_dry-13"
"2190",2024-10-30,"2024_dry",13,"2024_dry-13"
"2191",2024-10-31,"2024_dry",14,"2024_dry-14"
