"site","fence","elev_mean_3x3","elev_sd_3x3","pct_slope_mean_3x3","pct_slope_sd_3x3","tree_vol_mean_3x3","tree_vol_sd_3x3","dist_rivers_mean_3x3","dist_rivers_sd_3x3","elev_mean_5x5","elev_sd_5x5","pct_slope_mean_5x5","pct_slope_sd_5x5","tree_vol_mean_5x5","tree_vol_sd_5x5","dist_rivers_mean_5x5","dist_rivers_sd_5x5","distance_to_perimeter","dist_cleared_mean_3x3","dist_cleared_sd_3x3","dist_cleared_mean_5x5","dist_cleared_sd_5x5","dist_dambo_mean_3x3","dist_dambo_sd_3x3","dist_dambo_mean_5x5","dist_dambo_sd_5x5","prop_M1_3x3","prop_M2_3x3","prop_M3_3x3","prop_Afromontane_3x3","prop_Water_3x3","prop_Dambo_3x3","prop_Rock_3x3","prop_Cleared_3x3","prop_M1_5x5","prop_M2_5x5","prop_M3_5x5","prop_Afromontane_5x5","prop_Water_5x5","prop_Dambo_5x5","prop_Rock_5x5","prop_Cleared_5x5"
"059",0,1054.55555555556,7.38429263895857,23.6666666666667,3.5,34.4666663275825,25.9376171757146,804.666666666667,17.1099386322687,1052.16,10.1475777076765,22.56,4.07308237088326,46.1079995727539,21.2171296811621,804.92,28.7951384785696,434.626281738281,17.9211001925998,15.4495448298368,29.4908251953125,15.4495448298368,372.379750569661,17.3201299348838,373.095715332031,17.3201299348838,0.666666666666667,0,0,0,0,0,0,0.333333333333333,0.8,0.04,0,0,0,0,0.04,0.12
"095",0,1068.88888888889,2.57120810342359,9.33333333333333,2,80.7555558946398,13.3542257509799,1400.33333333333,17.3277234511635,1067.4,6.33113997107419,10.12,2.69752973415803,80.7720001220703,14.2432911734241,1400.6,28.8790581563873,1610.77624511719,447.428124321832,16.8548217282562,444.830539550781,16.8548217282562,540.123521592882,17.3175358417502,540.370950927734,17.3175358417502,0.666666666666667,0.333333333333333,0,0,0,0,0,0,0.68,0.32,0,0,0,0,0,0
"003",0,1029.33333333333,4.35889894354067,16,0,68.3444438510471,10.9488720105301,1900,17.3205080756888,1029.56,7.36591248024755,15.8,1.5,68.3679992675781,11.9577639977442,1900,28.8675134594813,698.927734375,87.0978266398112,16.3007506166047,82.9971481323242,16.3007506166047,313.402598063151,17.3541134660267,313.80767578125,17.3541134660267,0.777777777777778,0.222222222222222,0,0,0,0,0,0,0.76,0.24,0,0,0,0,0,0
"111",0,1059,3.1224989991992,12.8888888888889,1.90029237516523,83.4222242567274,12.3998787501436,3106.77777777778,17.1593835683117,1057.6,6.0896086354817,13.24,1.85472369909914,78.9800007629395,11.8925407868092,3106.84,28.8800392428173,1022.39916992188,108.946443345812,17.233876630722,111.469326477051,17.233876630722,360.925116644965,17.3115234595556,361.666265869141,17.3115234595556,0.222222222222222,0.777777777777778,0,0,0,0,0,0,0.4,0.6,0,0,0,0,0,0
"206",0,1105.33333333333,2.73861278752583,10,3,102.144448174371,11.8989631233164,1750.66666666667,17.4355957741627,1107.56,3.96946679878629,9.84,4.34626276242015,100.564003601074,12.4758073141239,1750.76,28.9255942030583,2180.4814453125,1025.02035183377,17.3192285744408,1025.28062988281,17.3192285744408,200.665625678168,17.3196954529565,201.993537597656,17.3196954529565,0,0.888888888888889,0.111111111111111,0,0,0,0,0,0.04,0.92,0.04,0,0,0,0,0
"044",0,1077.77777777778,1.98606254796883,6,1.5,116.444450378418,22.9607362639633,2390,17.514279888137,1076.96,3.42150064542836,5.72,2.52520626220249,118.108006286621,20.9628246453994,2390.04,28.9230012273969,948.103332519531,1377.77600097656,17.3202209075559,1377.96955566406,17.3202209075559,362.583947075738,17.305898046748,363.323312988281,17.305898046748,0,0.666666666666667,0.333333333333333,0,0,0,0,0,0,0.68,0.32,0,0,0,0,0
"156",0,1002.88888888889,6.31356564162527,21,4.5,0,0,613.333333333333,17.3925271309261,1000,9.1606040557742,20.8,6.04152298679729,0,0,613.68,28.800636567039,605.392395019531,28.6363321940104,15.0816289435147,22.8293048095703,15.0816289435147,80,17.3205080756888,80.5625869750977,17.3205080756888,0,0,0,0,0,0,0,1,0,0,0,0,0,0,0,1
"174",0,1048.66666666667,6.06217782649107,19.6666666666667,6.30476010645925,13.5,28.8000002801418,1102.88888888889,17.3525534464272,1050.44,9.89141041510259,19.32,6.34901567173999,17.7959996032715,27.7156161040609,1102.88,28.8867328255262,1934.94189453125,8.88888888888889,10.5409255338946,10.7313708496094,10.5409255338946,512.900377061632,17.3163791912726,513.42103515625,17.3163791912726,0.111111111111111,0.111111111111111,0,0,0,0,0,0.777777777777778,0.28,0.04,0,0,0,0,0,0.68
"136",0,1080.88888888889,3.14024061356946,8.66666666666667,2.54950975679639,0,0,1416.22222222222,17.3333333333333,1079.92,5.1309518285272,8.64,2.59615099714943,0,0,1416.4,28.8877136513086,1888.30615234375,4.44444444444444,8.81917103688197,7.86274169921875,8.81917103688197,424.578589545356,17.3102258571083,425.209008789063,17.3102258571083,0,0,0,0,0,0,0,1,0,0,0,0,0,0,0,1
"149",0,1053,2.54950975679639,6,3,82.4666675991482,20.4369779284075,776.444444444444,17.4220486102461,1055.92,5.22749143152494,7.28,4.05709255502016,98.8160034179687,26.1211745285298,776.76,28.8448146697692,4225.873046875,224.204696655273,17.2854455920729,225.409087524414,17.2854455920729,310.913397894965,17.305097915305,311.775787353516,17.305097915305,0.444444444444444,0.555555555555556,0,0,0,0,0,0,0.28,0.44,0.28,0,0,0,0,0
"169",0,1048.44444444444,3.84418753155693,10.3333333333333,5.5,135.333338419596,14.207041754018,412.333333333333,17.3637553541853,1052.36,5.8229431275487,11.44,4.9756071656298,124.796005859375,16.9828236064299,412.88,28.8506499060246,5505.37890625,1370.20681423611,17.3204228218268,1370.21592285156,17.3204228218268,444.372229682075,17.3201419684354,444.972257080078,17.3201419684354,0,0,1,0,0,0,0,0,0,0.32,0.68,0,0,0,0,0
"008",0,1113.55555555556,3.94053013917896,14.2222222222222,0.666666666666667,85.4111124674479,10.0582600430503,1555.33333333333,17.3925271309261,1114.6,5.43139024560011,14.32,0.748331477354788,88.204002532959,20.0228318311403,1555.6,28.9338325609772,4815.02880859375,1168.36067708333,17.3205246946769,1168.58890625,17.3205246946769,122.761511908637,17.1992127796711,124.67625793457,17.1992127796711,0,0.888888888888889,0.111111111111111,0,0,0,0,0,0.08,0.76,0.16,0,0,0,0,0
"092",0,1007.66666666667,6.08276253029822,21.6666666666667,3.5,7.33333333333333,22,1226,17.058722109232,1002.2,10.3923048454133,21.64,9.48630591958746,33.4239999389648,36.1223878283126,1226.32,28.8829823021562,818.840637207031,4.44444444444444,8.81917103688197,12.9941125488281,8.81917103688197,101.325383504232,17.3150865196453,103.960152282715,17.3150865196453,0.111111111111111,0,0,0,0,0,0,0.888888888888889,0.36,0.12,0,0,0,0,0,0.52
"164",0,1072.11111111111,4.13655788199695,15,0,4.3999998304579,13.1999994913737,2066.77777777778,17.2465777603687,1071,5.44671154612273,13.28,2.09204843793509,8.4479997253418,20.029667340781,2066.8,28.9309522829789,2207.35131835938,4.44444444444444,8.81917103688197,4.8,8.81917103688197,113.534488254123,17.2817814277389,113.865119628906,17.2817814277389,0.111111111111111,0,0,0,0,0,0,0.888888888888889,0.16,0,0,0,0,0,0,0.84
"179",0,1036.66666666667,2.95803989154981,11,0,14.511110941569,22.7101541505217,1776.77777777778,17.3044631365565,1038.32,5.29716905525961,11.28,5.04579032461714,11.0480001831055,23.7779511546191,1776.96,28.8797506914447,2071.93139648438,11.1111111111111,10.5409255338946,11.2515960693359,10.5409255338946,286.822170681424,17.311130945489,287.754739379883,17.311130945489,0.222222222222222,0,0.111111111111111,0,0,0,0,0.666666666666667,0.08,0.08,0.04,0,0,0,0,0.8
"051",0,1115.77777777778,2.10818510677892,6.66666666666667,0.5,118.966673956977,16.6042935854835,125.444444444444,17.183648558376,1114.36,3.32766184179422,6.72,2.76164202362773,112.39200592041,15.4708591740267,125.52,28.7215366348437,5422.41650390625,1720.54254828559,17.3198086082966,1720.69757324219,17.3198086082966,220.304066975911,17.302650899444,216.038148193359,17.302650899444,0,0.444444444444444,0.555555555555556,0,0,0,0,0,0,0.6,0.4,0,0,0,0,0
"121",0,1112.44444444444,2.78886675511359,6.33333333333333,4,35.3888905843099,53.3427021423729,1420,17.3205080756888,1115.04,4.76515127426892,7.8,4.99165971062398,44.3880023193359,50.6556075534115,1419.44,28.1869946370071,5659.5498046875,3100.10753038194,17.3202646067757,3100.18065429688,17.3202646067757,247.92628648546,17.2953064610742,249.011544189453,17.2953064610742,0.222222222222222,0.666666666666667,0.111111111111111,0,0,0,0,0,0.28,0.52,0.2,0,0,0,0,0
"134",0,1171.55555555556,1.0137937550497,2.66666666666667,0.5,105.177782694499,10.3406702623646,920,17.3205080756888,1171.52,1.78232058470598,2.8,0.645497224367903,105.856004638672,10.4166972104372,920,28.8675134594813,4431.8955078125,2590.49549696181,17.3202382543859,2590.5984375,17.3202382543859,240.278578016493,17.3054977757533,240.521089477539,17.3054977757533,0,0.888888888888889,0.111111111111111,0,0,0,0,0,0,0.84,0.16,0,0,0,0,0
"020",0,1166.44444444444,5.41089436024931,17,4.5,91.9888916015625,11.5922891456544,1341.88888888889,17.2514089601722,1163.68,6.78060960877904,14.92,4.59093309324659,84.9840022277832,16.2725424998959,1342.12,28.8751911970582,800,305.723341200087,17.3173108385914,306.596227416992,17.3173108385914,438.938093397352,17.3212126159424,439.399497070313,17.3212126159424,0.111111111111111,0.888888888888889,0,0,0,0,0,0,0.32,0.68,0,0,0,0,0,0
"002",0,1110.88888888889,4.28498671072748,13,0,76.0777782864041,13.8848652289505,504,17.3853386507137,1110.44,5.40894321163263,12.2,4.38748219369606,77.5280006408691,13.2660773446456,502.76,28.8664742102899,920.488952636719,1165.27536349826,17.3205389276425,1165.50418945313,17.3205389276425,402.823516845703,17.3165847755322,403.486323242187,17.3165847755322,0.666666666666667,0.333333333333333,0,0,0,0,0,0,0.56,0.44,0,0,0,0,0,0
"127",0,1077.88888888889,2.31540733157497,7,1.5,70.5222227308485,11.3044013014377,1066.55555555556,17.479352899286,1076.8,4.63680924774785,8.92,3.17437657921468,80.6320016479492,20.3468643382278,1066.72,28.817702892493,439.317657470703,405.29830593533,17.3191623158543,405.956391601562,17.3191623158543,373.987942165799,17.310155105353,374.703605957031,17.310155105353,0.888888888888889,0.111111111111111,0,0,0,0,0,0,0.64,0.32,0.04,0,0,0,0,0
"086",0,1069.22222222222,3.9616214413349,11.2222222222222,6.11918658356194,14.6666662428114,29.2897584883107,510.777777777778,17.4052993207369,1066.92,8.15434444534527,12.08,5.88727441181401,18.5680000305176,30.7716282121196,511.4,28.860295678781,4639.0732421875,4.44444444444444,8.81917103688197,7.2,8.81917103688197,232.401738484701,9.38681218583379,224.010397338867,9.38681218583379,0.222222222222222,0,0,0,0,0,0,0.777777777777778,0.16,0.12,0,0,0,0,0,0.72
"077",0,947.666666666667,3.3166247903554,8.66666666666667,2,13.1444447835286,39.4333343505859,280,17.3205080756888,944.44,6.21878873522275,8.76,2.75801861245835,34.8400006103516,45.456903955707,280,28.8675134594813,5639.61865234375,2.22222222222222,6.66666666666667,9.13137084960938,6.66666666666667,859.224480523003,17.3194669853644,859.534931640625,17.3194669853644,0,0.111111111111111,0,0,0,0,0,0.888888888888889,0.2,0.2,0,0,0,0,0,0.6
"090",0,975.666666666667,5.54526825320471,16.1111111111111,5.3489355119604,54.9999978807237,8.73097899008847,367.444444444444,17.2924196623196,973.56,8.66063892947089,15.36,5.31413210223457,58.5839993286133,16.8715908835039,368.28,28.701800175831,5593.2548828125,122.761511908637,17.1992127796711,124.67625793457,17.1992127796711,345.640163845486,17.3056840017234,346.415811767578,17.3056840017234,1,0,0,0,0,0,0,0,0.76,0.2,0,0,0,0,0,0.04
"064",1,1077.33333333333,3.1224989991992,9,3,86.8888897365994,11.3423396078837,2017.22222222222,17.0717440364025,1078.16,4.21979462375442,8.44,2.91661904723031,94.8800024414062,14.3428286994702,2014.84,28.3647081188343,620.966979980469,724.614922417535,17.3168417242729,724.983425292969,17.3168417242729,145.144568549262,17.3114346775355,146.985316772461,17.3114346775355,0.333333333333333,0.666666666666667,0,0,0,0,0,0,0.2,0.72,0.08,0,0,0,0,0
"103",1,1229.66666666667,1.3228756555323,4.66666666666667,2.5,87.5777808295356,17.3321083342673,640.333333333333,17.3277234511635,1228.2,2.21735578260835,5.48,2.6,94.3240032958984,16.1112360231848,640.6,28.8790581563873,1410.5673828125,412.633802625868,17.3208033311995,413.279791259766,17.3208033311995,452.84285820855,17.321196851895,453.431414794922,17.321196851895,0,0.555555555555556,0.444444444444444,0,0,0,0,0,0,0.72,0.28,0,0,0,0,0
"207",1,1120.11111111111,6.77208321797001,25,1.5,125.55556318495,15.4744277993486,980.444444444444,17.2707202449052,1120.52,9.64416922290354,24.2,3.34165627596057,120.720006713867,15.1153924496817,980.64,28.7661259122601,190,655.337083604601,17.3197589972835,655.744064941406,17.3197589972835,394.292822943793,17.3151621551253,394.970329589844,17.3151621551253,0,0.111111111111111,0.888888888888889,0,0,0,0,0,0,0.32,0.68,0,0,0,0,0
"069",0,985.888888888889,15.0453019614467,48,7.5,46.1333349015978,19.7186480842453,2564.77777777778,17.3549544639116,982.28,20.5497769655374,45.44,8.17047530237175,53.2720010375977,31.0759767853966,2564.92,28.8645110819498,588.217651367188,108.946443345812,17.233876630722,111.469326477051,17.233876630722,200,17.3205080756888,200.407156982422,17.3205080756888,0.333333333333333,0.555555555555556,0.111111111111111,0,0,0,0,0,0.28,0.52,0.12,0,0,0,0.08,0
"025",0,856,6.36396103067893,20.1111111111111,2.20479275922049,80.8777796427409,16.4501378594383,3360,17.3205080756888,852.56,10.2635276586562,20.2,2.17944947177034,80.1720016479492,21.9827323046534,3360,28.8675134594813,1187.01306152344,362.583947075738,17.305898046748,363.323312988281,17.305898046748,854.556416829427,17.3201771292034,854.868498535156,17.3201771292034,0.555555555555556,0.444444444444444,0,0,0,0,0,0,0.52,0.4,0.08,0,0,0,0,0
"190",0,735.222222222222,5.40318835914911,26.1111111111111,12.7027993415275,53.3666674296061,39.3022274315515,1915.11111111111,17.2078793321871,738.68,11.6930178596745,27.84,12.8409501206102,63.4360012817383,39.2192024703951,1915.2,28.7141080307225,1676.0966796875,23.6672922770182,16.4268585686997,34.9675024414063,16.4268585686997,1171.94993760851,17.3200935796493,1172.17750976563,17.3200935796493,0.333333333333333,0.444444444444444,0,0,0,0,0,0.222222222222222,0.2,0.52,0.12,0,0,0,0,0.16
"038",0,1074.33333333333,2.78388218141501,9.22222222222222,2.4381231397213,58.6666658189562,7.69999958219994,2206.66666666667,17.4355957741627,1073.96,3.38476980999693,9.2,2.44948974278318,59.0479997253418,30.093190514419,2201.36,22.7117443921275,6815.4091796875,41.8056869506836,16.8469606903067,45.6622775268555,16.8469606903067,824.78281656901,17.3191651941642,825.106291503906,17.3191651941642,1,0,0,0,0,0,0,0,0.76,0.08,0.04,0,0,0,0,0.12
"152",0,1030.66666666667,6.78232998312527,21.5555555555556,3.84418753155693,71.533332824707,15.3931819561609,931.777777777778,17.4268311647426,1029.08,9.02274902676562,20.84,3.89101529166874,72.6239990234375,12.8165685599104,930.44,28.825740811527,7695.7197265625,851.03860812717,17.3193368885693,851.352065429688,17.3193368885693,1304.40280490451,17.3204510279294,1304.60725097656,17.3204510279294,0.888888888888889,0.111111111111111,0,0,0,0,0,0,0.92,0.08,0,0,0,0,0,0
"159",0,1137,4.03112887414927,13.5555555555556,1.23603308118261,53.5333315531413,20.193315143915,1242.22222222222,17.2175620935266,1134.92,8.90655189546811,13.44,1.26095202129185,55.1759986877441,17.8606939638908,1242.32,28.839671750328,8145.23828125,32.6995035807292,17.2361616049654,42.6445071411133,17.2361616049654,523.704742431641,17.3210177022463,524.213737792969,17.3210177022463,0.888888888888889,0,0,0,0,0,0,0.111111111111111,0.92,0,0,0,0,0,0,0.08
"205",0,1133.88888888889,6.29373586283307,20.7777777777778,4.96935050529186,138.355561998155,18.1332650398392,140.333333333333,17.1828402774396,1129.32,11.4043851215223,21.68,4.87954915950234,131.65600402832,19.6506391180028,139.84,28.6511779862539,9270.8681640625,2867.86789279514,17.320287889182,2867.9609375,17.320287889182,157.056006537543,17.3230268689223,158.342520751953,17.3230268689223,0,0.555555555555556,0.444444444444444,0,0,0,0,0,0.04,0.56,0.4,0,0,0,0,0
"141",0,1036.66666666667,6.46142399166004,23.3333333333333,0.5,76.8888922797309,9.49926841997485,403,17.2336879396141,1035.24,9.38207510806289,22.12,1.83303027798234,76.1320025634766,19.5936793491581,402.6,28.860295678781,10522.0009765625,3436.43226453993,17.3204901987299,3436.50986328125,17.3204901987299,481.940792507595,17.3120631784033,482.495816650391,17.3120631784033,0,0.666666666666667,0.333333333333333,0,0,0,0,0,0,0.6,0.4,0,0,0,0,0
"060",0,1061.33333333333,2.78388218141501,10,1.5,145.877783881293,14.9559169356883,536.333333333333,17.3709527660402,1063.36,3.96736688497547,9.08,1.89120772700057,147.248007202148,14.5121824733842,536.92,28.8558486272714,9573.8447265625,4186.96392144097,17.3203957201558,4187.0276171875,17.3203957201558,382.448218451606,17.321393952067,383.144997558594,17.321393952067,0,0.222222222222222,0.777777777777778,0,0,0,0,0,0,0.2,0.8,0,0,0,0,0
"114",0,1158.66666666667,4.35889894354067,15,1.5,104.466670566135,22.7582448977427,992.555555555556,17.2199819331432,1158.48,5.85320425066476,14.44,1.41656862405838,101.364004211426,36.5686700089332,992.92,28.8572925502954,5204.162109375,4260.07817925347,17.320297968087,4260.140859375,17.320297968087,47.7391230265299,16.9144340182816,52.8706530761719,16.9144340182816,0.111111111111111,0.555555555555556,0.333333333333333,0,0,0,0,0,0.08,0.4,0.44,0,0,0.08,0,0
"138",0,1232.22222222222,3.49205447329283,10.2222222222222,1.7873008824606,122.022229512533,15.1664762472421,320.666666666667,17.3493515728975,1229.48,5.05898540552682,10.4,1.93649167310371,127.572006835938,16.7396873969059,321.4,28.8227340826647,5591.2880859375,4964.29915364583,17.3204296040996,4964.352890625,17.3204296040996,377.712493896484,17.3185959964223,378.418774414063,17.3185959964223,0,0.333333333333333,0.666666666666667,0,0,0,0,0,0,0.36,0.64,0,0,0,0,0
"142",0,1225.66666666667,3.64005494464026,12.6666666666667,0.5,146.933339436849,5.79999542236328,1136.66666666667,17.4499283666151,1225.56,6.25886038615125,13.68,2.2494443758404,140.43200592041,15.5566095625089,1136.92,28.8673979891965,4256.80615234375,3590.30170355903,17.3205372502744,3590.37599609375,17.3205372502744,585.719075520833,17.3150767670977,586.175256347656,17.3150767670977,0,0,1,0,0,0,0,0,0,0.16,0.84,0,0,0,0,0
"071",1,929.111111111111,2.26077666104176,7,0,72.8666661580404,13.8643433097777,1121.44444444444,17.2127213937186,930.8,3.70809924354783,8.64,2.62805377925694,71.307999420166,12.9406322636779,1121.12,28.7276289774612,1067.33312988281,223.312561035156,12.1630263720231,216.267130126953,12.1630263720231,185.116566975911,17.2724499834353,186.581821899414,17.2724499834353,0.666666666666667,0.333333333333333,0,0,0,0,0,0,0.76,0.24,0,0,0,0,0,0
"203",1,880.777777777778,6.90611645170022,24.6666666666667,2,57.9333318074544,22.5701125353508,2321.22222222222,17.2683075153428,880.88,10.3534213346764,24.68,1.95192212959431,58.0799984741211,22.7037437225486,2321.24,28.9385555962975,2242.69921875,27.3345845540365,14.4714560919314,35.2079528808594,14.4714560919314,443.020161946615,17.314165673254,443.623419189453,17.314165673254,0.888888888888889,0,0,0,0,0,0,0.111111111111111,0.88,0,0,0,0,0,0,0.12
"148",1,1021,5.47722557505166,18.3333333333333,0.5,49.4333324432373,32.8427307454213,1880,17.3205080756888,1018.4,8.32165848854662,19.68,5.19390668636496,48.7719992828369,35.6606867832221,1880,28.8675134594813,1814.16638183594,23.6672922770182,16.4268585686997,29.6472772216797,16.4268585686997,902.14560953776,17.3180712534975,902.441472167969,17.3180712534975,0.666666666666667,0.111111111111111,0,0,0,0,0,0.222222222222222,0.6,0.12,0,0,0,0,0,0.28
"027",1,1182.66666666667,6.36396103067893,23.5555555555556,2.40370085030933,65.6000027126736,17.5457275874204,707.444444444444,17.1618116111842,1182.68,11.589219128138,23.92,2.48193472919817,62.2680026245117,21.1385671590769,707.8,28.7938072045593,2722.44384765625,228.619033813477,17.3206493132385,226.388438110352,17.3206493132385,288.906094021267,17.318350099215,289.829358520508,17.318350099215,0.222222222222222,0.777777777777778,0,0,0,0,0,0,0.36,0.64,0,0,0,0,0,0
"146",1,1069.44444444444,3.32080980752855,12,0,103.700001186795,21.7120410464404,247.555555555556,17.2707202449052,1070.84,4.29806157858788,10.88,4.10609303352956,108.416002197266,19.0536719923226,248.32,28.9837885722346,4118.30029296875,601.553697374132,17.3150281122907,601.99787109375,17.3150281122907,380.175642225477,17.3145171879881,380.527984619141,17.3145171879881,0.444444444444444,0.444444444444444,0.111111111111111,0,0,0,0,0,0.32,0.6,0.08,0,0,0,0,0
"052",1,1143,3.57071421427143,12,0,87.4666692945692,17.8525934976346,240,17.3205080756888,1142.08,5.97159945073345,12.4,3.16227766016838,89.7200032043457,15.7332470654425,240,28.8675134594813,3261.2421875,940.070922851562,17.3195222680313,940.255456542969,17.3195222680313,145.144568549262,17.3114346775355,146.985316772461,17.3114346775355,0.222222222222222,0.777777777777778,0,0,0,0,0,0,0.12,0.88,0,0,0,0,0,0
"046",0,967.333333333333,8.04673846971554,30,0,39.5999988979763,5.71576744473568,1959.77777777778,17.2103005332401,967.04,11.5053610692291,27.16,7.71189557329022,45.671999206543,11.4188266868251,1959.76,28.7913181358548,4409.6484375,1300.71775987413,17.3193067800939,1300.92286132813,17.3193067800939,117.760204739041,17.2945206216265,120.04350189209,17.2945206216265,1,0,0,0,0,0,0,0,1,0,0,0,0,0,0,0
"119",0,1000.11111111111,3.05959329178097,11,0,74.9222217135959,9.6906908455328,1259,17.5356779167502,997.92,4.29068759058499,9.92,4.71628384783331,69.4199992370606,9.74568384443783,1259.16,28.8237170862237,5141.29345703125,1476.43714735243,17.3204702328459,1476.61775390625,17.3204702328459,531.664184570312,17.3164753219512,532.166447753906,17.3164753219512,0.888888888888889,0.111111111111111,0,0,0,0,0,0,0.92,0.08,0,0,0,0,0,0
"200",0,1010.22222222222,4.20647648804132,14,0,76.1000001695421,12.2969509315328,903.222222222222,17.4340025365504,1010.44,4.34050688284214,11.6,4.01040313850532,79.3160015869141,19.41420819895,903.48,28.9296848698126,5787.19287109375,2229.05061848958,17.3200997441482,2229.17025390625,17.3200997441482,1348.43120659722,17.3199157965271,1344.41662109375,17.3199157965271,0.555555555555556,0.444444444444444,0,0,0,0,0,0,0.44,0.52,0.04,0,0,0,0,0
"167",0,1176.44444444444,2.12785755580062,6.11111111111111,1.90029237516523,153.633339775933,14.3909717143899,776.111111111111,16.9074276905481,1177.08,3.30302891298275,5.76,1.85472369909914,145.848006286621,17.5008608858369,773.8,28.0698533424503,9237.017578125,6970.81532118056,17.3204602707581,6970.8536328125,17.3204602707581,320.208672417535,17.312060154328,319.397618408203,17.312060154328,0,0.111111111111111,0.888888888888889,0,0,0,0,0,0.04,0.16,0.8,0,0,0,0,0
"078",0,1220.77777777778,4.11636301174282,18,2.78388218141501,153.377783881293,7.73333390553881,580,17.3205080756888,1221,6.53834841531101,18.48,2.91719042916296,145.212005310059,17.6780317034952,579.28,28.112156326638,9585.578125,7752.51350911458,17.3205133976209,7752.54791015625,17.3205133976209,200.665625678168,17.3196954529565,201.993537597656,17.3196954529565,0,0,1,0,0,0,0,0,0,0.28,0.72,0,0,0,0,0
"087",0,1169,4.24264068711928,18.5555555555556,4.06543697255016,139.711114671495,21.7690423199673,406.666666666667,15.467708298258,1169.48,8.41189633792523,19.24,4.02367990774614,143.65200592041,16.1908195235572,401.8,26.118320517726,8237.5849609375,6899.78743489583,17.3203774959874,6899.82609375,17.3203774959874,500.266767713759,17.3149390215807,500.800872802734,17.3149390215807,0.111111111111111,0,0.888888888888889,0,0,0,0,0,0.04,0.04,0.92,0,0,0,0,0
"081",0,1047.11111111111,2.66666666666667,7.66666666666667,0.5,136.122230529785,13.7871124386807,582.222222222222,17.3116851994381,1046.64,4.35775171390018,8.52,2.16256021110781,138.748007202148,13.9250712055285,582.64,28.7878446570771,901.387817382812,2418.40169270833,17.3205473315675,2418.48547851562,17.3205473315675,185.11237250434,17.3229956346438,186.54983581543,17.3229956346438,0,0.222222222222222,0.777777777777778,0,0,0,0,0,0,0.12,0.88,0,0,0,0,0
"198",0,1107.33333333333,4.03112887414927,14.6666666666667,0.5,139.200012207031,0,747,17.3709527660402,1106.4,4.68152396839605,12.6,4.20317340430616,137.900010986328,5.76714969368792,747.32,28.8122080607046,2229.91015625,1682.34518771701,11.3592172662853,1673.71173828125,11.3592172662853,707.295403374566,17.3168122239846,707.672932128906,17.3168122239846,0,0,1,0,0,0,0,0,0,0.04,0.96,0,0,0,0,0
"082",0,1087.44444444444,5.19882465349407,19.3333333333333,1,115.855559455024,17.0871407382489,254.222222222222,17.3549544639116,1084.2,8.89756521002609,19.6,4.94974746830583,115.824003601074,21.6625708565237,253.32,28.8699959588959,1383.61840820312,1127.23852539062,17.3200648136952,1127.47510742188,17.3200648136952,922.099046495226,17.3206137909217,922.388215332031,17.3206137909217,0.222222222222222,0.777777777777778,0,0,0,0,0,0,0.32,0.6,0.08,0,0,0,0,0
"019",0,853.888888888889,5.79750904364203,19.1111111111111,4.25571511160124,50.5999997456869,3.29999923706055,2920.11111111111,17.2948290280971,852.84,9.70687041910694,19.16,4.25910788780937,50.5960000610352,4.65514753403595,2920.32,28.8728823177274,2070.990234375,256.644990709093,17.3210493264507,257.683080444336,17.3210493264507,72.796006096734,16.9804007506148,73.1616528320313,16.9804007506148,1,0,0,0,0,0,0,0,0.96,0.04,0,0,0,0,0,0
"010",0,778.222222222222,2.04803428790742,4.55555555555556,4.97772817435603,141.3000064426,20.1196423240557,2072,17.3205080756888,780.4,4.76969600708473,5.12,4.67546789102439,135.640006713867,21.7962346088585,2072,28.8675134594813,1998.49951171875,268.825112236871,17.3116515163811,269.819837646484,17.3116515163811,117.760204739041,17.2945206216265,120.04350189209,17.2945206216265,0,0.111111111111111,0.888888888888889,0,0,0,0,0,0,0.28,0.72,0,0,0,0,0
"123",0,922.222222222222,6.53409859463755,19,6,96.6111149258084,17.5670488787074,1597.77777777778,17.4554989743761,920.24,9.06127290542927,17.96,7.2426974717067,92.6480029296875,23.9969493183495,1597.84,28.907438489081,3150,782.474758572049,17.317274541976,782.815964355469,17.317274541976,209.446009318034,17.2891627933751,210.545129394531,17.2891627933751,0.111111111111111,0.777777777777778,0.111111111111111,0,0,0,0,0,0.28,0.52,0.2,0,0,0,0,0
"068",0,898.444444444444,2.185812841434,6.66666666666667,1.73205080756888,119.166670905219,16.8576404221086,1332.44444444444,17.5007936327979,899.28,1.90438091427809,6.52,1.80554700852678,122.192004089355,17.449855921343,1332.72,28.9043249358984,8564.8701171875,3576.236328125,17.3203073552339,3576.3109375,17.3203073552339,1606.19631618924,17.3197433656895,1606.36241699219,17.3197433656895,0,0.333333333333333,0.666666666666667,0,0,0,0,0,0,0.24,0.76,0,0,0,0,0
"124",0,982,5.52268050859363,22.1111111111111,6.67915496983796,66.0555574629042,19.6123118154158,2308.22222222222,17.2755446931333,980.44,9.35895293288731,22.96,6.71118469422501,72.4640019226074,21.1462144796223,2308.12,28.7711081932321,9193.720703125,4950.59033203125,16.1818227220141,4945.44501953125,16.1818227220141,1815.23186577691,17.3201234428331,1815.37878417969,17.3201234428331,0.222222222222222,0.777777777777778,0,0,0,0,0,0,0.16,0.72,0.12,0,0,0,0,0
"209",0,969.111111111111,3.72305131728145,13,1.3228756555323,94.4222234090169,16.1606630948545,2623.88888888889,17.1569551818238,969.52,5.1487862647424,12.92,1.38202749610853,106.516002502441,26.0750646883395,2624.04,28.9186790846332,9947.8896484375,4180.07980685764,17.3203704088163,4180.1340234375,17.3203704088163,1392.93455674913,17.3199958526534,1393.12604492188,17.3199958526534,0.333333333333333,0.666666666666667,0,0,0,0,0,0,0.24,0.56,0.2,0,0,0,0,0
"110",0,1110.77777777778,5.11805084426136,14.4444444444444,4.55826477705911,161.111112806532,12.2274720109001,1251.22222222222,17.3333333333333,1108.96,9.29372548192238,13.68,4.64327470649756,163.328003540039,15.3160983115356,1251.52,28.9037483151695,4774.861328125,1966.58760579427,17.3199940987935,1966.72319335938,17.3199940987935,1039.55118136936,17.3201481605606,1039.80773193359,17.3201481605606,0,0,1,0,0,0,0,0,0,0,1,0,0,0,0,0
"162",0,1145.44444444444,5.02770104299945,14.6666666666667,5,157.244449191623,11.7600053845183,1954.22222222222,17.3621555241406,1144.36,7.34778878302854,14.8,6.23832242407097,150.884005432129,22.0752825259101,1953.92,28.8991349351499,5752.1123046875,2448.31914605035,17.3204977844549,2448.42805664063,17.3204977844549,639.270487467448,17.3177738969979,637.739626464844,17.3177738969979,0,0,1,0,0,0,0,0,0,0.08,0.92,0,0,0,0,0
"171",0,1132.44444444444,3.04594448041618,9.66666666666667,0.5,153.333336724175,18.2074125991453,556.111111111111,17.2948290280971,1127.96,7.10328562474203,11.6,7.10046946804693,152.268003540039,16.6739970153807,556.48,28.8518052583658,4454.22265625,1018.75741916233,17.3206394618119,1019.01914306641,17.3206394618119,700.476114908854,17.3163909597144,700.800161132812,17.3163909597144,0,0.222222222222222,0.777777777777778,0,0,0,0,0,0,0.12,0.88,0,0,0,0,0
"065",1,921,2.64575131106459,6.77777777777778,3.0731814857643,78.5888875325521,9.88641194453411,1984.33333333333,17.3709527660402,922.2,4.29146439652791,6.4,3.24037034920393,77.9239981079102,7.26666434038955,1984.64,28.8933094908377,3315.494140625,372.379750569661,17.3201299348838,373.095715332031,17.3201299348838,660.504862467448,17.3202681200507,659.678110351563,17.3202681200507,0.888888888888889,0.111111111111111,0,0,0,0,0,0,0.96,0.04,0,0,0,0,0,0
"140",1,958.777777777778,2.04803428790742,5.33333333333333,2,98.033336215549,15.6960213574576,596.333333333333,17.2264331769522,959.32,5.74978260458602,8.6,5.06622805119022,90.8920014953613,15.5845552787121,596.88,28.821751045579,4188.0068359375,1582.48749457465,17.320086317701,1582.65603027344,17.320086317701,497.058007134332,17.3208345779178,497.594310302734,17.3208345779178,0.222222222222222,0.777777777777778,0,0,0,0,0,0,0.4,0.56,0.04,0,0,0,0,0
"161",1,1006.55555555556,3.53946009693255,13.4444444444444,1.23603308118261,102.377780490451,18.0509552679073,1020.33333333333,17.3277234511635,1006.16,4.58875436983357,13.56,1.26095202129185,94.5280027770996,17.6418209081129,1020.8,28.8920404263873,4699.7236328125,1470.87278917101,17.320536440859,1471.05406738281,17.320536440859,761.75237358941,17.3198200857067,761.605915527344,17.3198200857067,0.111111111111111,0.888888888888889,0,0,0,0,0,0,0.24,0.76,0,0,0,0,0,0
"181",0,1024.11111111111,4.51232879022696,16.3333333333333,3.20156211871642,155.93334113227,11.8203221472893,1844.11111111111,17.3957210575219,1024.76,6.4049460054971,16.4,3.20156211871642,157.472006530762,21.7955576612918,1844.28,28.9374613030699,12719.4423828125,6063.84912109375,17.3205617319775,6063.89310546875,17.3205617319775,425.519266764323,17.3210885880246,426.145640869141,17.3210885880246,0,0.111111111111111,0.888888888888889,0,0,0,0,0,0,0.12,0.88,0,0,0,0,0
"084",0,990.777777777778,8.64259477497611,31.6666666666667,2.5,61.9222263760037,9.52152773728137,1234,17.1901134376711,991.48,12.8423777652998,31.76,2.47116706571342,52.9760025024414,13.64961372822,1234.16,28.8583898834753,13060.646484375,7368.73573133681,17.3205626504129,7368.77185546875,17.3205626504129,635.819736056858,17.3184870485016,636.239416503906,17.3184870485016,0,0.444444444444444,0.555555555555556,0,0,0,0,0,0.04,0.64,0.32,0,0,0,0,0
"188",0,1013.22222222222,8.91316130474729,33.3333333333333,1,168.844448513455,6.11373198440609,596.333333333333,17.2264331769522,1016.56,13.6811305575721,33.08,5.52961722605342,165.648005371094,9.77433248133834,596.88,28.821751045579,12312.7294921875,7231.33924696181,17.3205010327341,7231.37611328125,17.3205010327341,580.114997016059,17.31794088719,580.414406738281,17.31794088719,0,0,1,0,0,0,0,0,0,0,1,0,0,0,0,0
"005",0,1148.33333333333,4.35889894354067,15.6666666666667,2.5,126.311116536458,22.7936670940879,1029.22222222222,17.3333333333333,1145.36,8.51899837617859,18.28,5.13582190760804,134.560004882813,24.834117744227,1029.44,28.9195435648628,8780.802734375,5946.21446397569,17.3205541418833,5946.25927734375,17.3205541418833,1297.7930094401,17.3202094535059,1297.99850097656,17.3202094535059,0,0,1,0,0,0,0,0,0,0,1,0,0,0,0,0
"112",0,869,2.39791576165636,7.33333333333333,0.707106781186548,143.577780829536,14.3311529349332,920,17.3205080756888,868.44,3.87384391356527,7.2,0.707106781186548,149.592005615234,14.2912833229966,920,28.8675134594813,9733.8994140625,6614.42865668403,17.3204961868416,6614.46896484375,17.3204961868416,695.892761230469,17.3179560800479,696.276306152344,17.3179560800479,0,0.222222222222222,0.777777777777778,0,0,0,0,0,0,0.08,0.92,0,0,0,0,0
"042",0,978.333333333333,12.2065556157337,46,0,133.288895501031,15.5367687252063,1521,17.3421451960246,979.52,16.3480885732859,41.84,6.81713527321655,132.432005615234,28.8233536890017,1521.2,28.8920404263873,8365.3154296875,5209.32508680556,17.3204870766289,5209.37611328125,17.3204870766289,627.90660264757,17.3196099375997,628.331384277344,17.3196099375997,0,0.111111111111111,0.888888888888889,0,0,0,0,0,0,0.04,0.96,0,0,0,0,0
"075",0,937.777777777778,1.30170827931778,4,1.5,52.8444451226128,8.42720351565331,1707,17.2264331769522,937.48,2.55147016443462,4.4,1.22474487139159,47.6120010375977,17.5215653901591,1707.2,28.9194283023253,3435.4765625,1839.74631076389,17.3200070457661,1839.89131835937,17.3200070457661,432.049682617188,17.3120257239849,432.668770751953,17.3120257239849,0,0,1,0,0,0,0,0,0,0.2,0.8,0,0,0,0,0
"057",0,848.666666666667,3.5,14.3333333333333,3.5,79.8777796427409,6.06666564941406,368.555555555556,17.1618116111842,848.44,7.73563184232549,15.12,3.28278337187617,73.7200019836426,11.437438318194,369.28,28.8046871185923,4311.16015625,1920.17359754774,17.3202520585204,1920.31248535156,17.3202520585204,1543.3297390408,17.3200318588172,1539.31601074219,17.3200318588172,0,1,0,0,0,0,0,0,0.04,0.96,0,0,0,0,0,0
"131",0,911.333333333333,9.0277350426339,28.1111111111111,5.60009920547048,91.0888917711046,17.7570023922089,1019,17.4284250579334,910.28,12.7230761479552,27.84,5.5578772926361,92.320002746582,24.6138699712284,1019.16,28.8814819564371,3067.5234375,565.921237521701,17.3147317744818,566.393432617188,17.3147317744818,640.520745171441,17.3155961910344,640.875209960937,17.3155961910344,0,0.444444444444444,0.555555555555556,0,0,0,0,0,0.08,0.48,0.44,0,0,0,0,0
"107",1,839,2.73861278752583,8.33333333333333,2,144.411118401421,23.9960655470982,1459.77777777778,17.3333333333333,841.52,4.58366665454634,9.4,3.69684550213647,141.664006958008,25.6967086576232,1459.92,28.8211727728071,1583.91918945312,432.974246554905,17.3195554133873,433.590200195312,17.3195554133873,865.486382378472,17.3202783871137,865.794504394531,17.3202783871137,0,0.222222222222222,0.777777777777778,0,0,0,0,0,0.04,0.24,0.72,0,0,0,0,0
"170",1,892.111111111111,1.83333333333333,7.66666666666667,2.5,68.7777777777778,8.33333333333334,500,17.3205080756888,892.2,4.87339717240448,8.88,3.25729949498047,73.7200009155274,13.6241839075227,500.12,28.7580713307876,2615.83642578125,935.236151801215,17.3206334576457,935.52125,17.3206334576457,1593.06829155816,17.3202910554466,1593.23569824219,17.3202910554466,0.888888888888889,0.111111111111111,0,0,0,0,0,0,0.76,0.24,0,0,0,0,0,0
"193",1,909.111111111111,6.11237360696408,22.6666666666667,0.5,98.5,17.3038323429894,963.111111111111,17.1787983023002,910.84,8.96139870035178,20.52,3.62996786028012,96.7080014038086,24.4474785522719,962.84,28.7890025299014,2939.20043945312,1780.0374484592,17.3202291670514,1780.13483886719,17.3202291670514,1259.47079806858,17.3198225039351,1259.68257324219,17.3198225039351,0.555555555555556,0.444444444444444,0,0,0,0,0,0,0.36,0.6,0,0,0,0.04,0,0
"192",1,878.666666666667,5.22015325445528,19,0,99.3333333333333,12.5,1353.22222222222,17.2103005332401,879.2,5.18009008930668,15.16,4.16012820315272,98.2760021972656,8.94843049644005,1353.36,28.8875405668257,2975.31518554688,779.144829644097,17.3197598536784,779.487165527344,17.3197598536784,780.170952690972,17.3189704336312,780.512932128906,17.3189704336312,0,0.666666666666667,0.333333333333333,0,0,0,0,0,0,0.84,0.16,0,0,0,0,0
"104",1,820.444444444444,4.92724849969816,17.3333333333333,0.5,148.222227308485,5.11511516429543,272.111111111111,17.4029052491563,818.68,6.12181890181886,17.48,2.10396451174127,133.188004760742,17.199402300068,273.08,28.7574917775061,3493.7802734375,1931.38983832465,17.3202445931701,1931.52790039063,17.3202445931701,717.12392171224,17.3187670193214,717.495993652344,17.3187670193214,0,0,1,0,0,0,0,0,0,0.44,0.56,0,0,0,0,0
"062",1,850.777777777778,3.76755151848577,18.1666666666667,0.25,123.777780320909,8.80755758214772,812.666666666665,17.3066028911982,850.56,6.54522726878143,16.32,3.132046357447,115.732003479004,13.073916398254,813.22,28.8225161721659,2071.95556640625,1047.98219807943,17.3197285704179,1048.23672607422,17.3197285704179,748.647437201606,17.3188687264763,749.004462890625,17.3188687264763,0,0.333333333333333,0.666666666666667,0,0,0,0,0,0,0.64,0.36,0,0,0,0,0
"184",0,883,1.73205080756888,5,0,89.9222251044379,13.3195173305361,2066,17.3637553541853,885.08,3.39018190269097,7.68,2.62551582233536,90.3960021972656,11.9790636024641,2066.16,28.9693516208653,2157.61450195312,1021.69795057509,17.319650664931,1018.23661376953,17.319650664931,420.793307834201,17.3091849887035,421.429654541016,17.3091849887035,0.333333333333333,0.666666666666667,0,0,0,0,0,0,0.24,0.72,0.04,0,0,0,0,0
"006",0,844.222222222222,6.33990886720341,17,6,109.800005594889,17.8981135583716,1359,17.4284250579334,838.96,10.084972318587,21.4,7.17635004720366,119.188004455566,23.483474762862,1359.32,28.9348693908693,3434.31201171875,1115.82556152344,17.3192822082607,1116.06465820312,17.3192822082607,859.224494086372,17.318254623219,859.53509765625,17.318254623219,0,0.777777777777778,0.222222222222222,0,0,0,0,0,0.04,0.48,0.48,0,0,0,0,0
"033",0,843.444444444444,5.87603418793473,22.3333333333333,1,112.822224934896,17.038032006099,763.111111111111,17.1787983023002,842.4,9.90370301116372,22.44,1.3253930234714,122.228004150391,21.2267628578106,761,28.2400424928859,3344.5029296875,950.298197428385,17.3206275193511,950.578779296875,17.3206275193511,635.819736056858,17.3184870485016,636.239416503906,17.3184870485016,0,0.333333333333333,0.666666666666667,0,0,0,0,0,0,0.24,0.76,0,0,0,0,0
"201",0,984.777777777778,4.20647648804132,14,0,50.3333343929715,28.6801334292055,2216.77777777778,17.3333333333333,984.48,4.84011019158311,13.76,0.969535971483266,78.448002243042,41.8744777332484,2216.84,28.8872520903829,9777.326171875,5824.96923828125,17.3204984074218,5825.0150390625,17.3204984074218,487.305670844184,17.3155136131293,487.853854980469,17.3155136131293,0.444444444444444,0.555555555555556,0,0,0,0,0,0,0.24,0.56,0.2,0,0,0,0,0
"100",0,934.777777777778,11.6273145843933,47,4.5,97.933337741428,30.642413520858,943.111111111111,17.4531117887645,932.92,17.9348822131622,47.4,4.55521678957215,95.9160040283203,26.2022686669919,943.24,28.9371157281901,10294.873046875,5923.06222873264,17.3204933971119,5923.1073046875,17.3204933971119,1569.03370496962,17.3199373054737,1569.203671875,17.3199373054737,0,0.222222222222222,0.777777777777778,0,0,0,0,0,0,0.28,0.72,0,0,0,0,0
"074",0,996.222222222222,6.86982128184165,24.3333333333333,2.5,89.2888921101888,7.27675119991368,1189.22222222222,17.3116851994381,996.92,11.9927756031148,23.6,2.38047614284762,88.5440026855469,15.9811886096701,1189.44,28.838747083279,11175.77734375,7057.75222439236,17.3204101386153,7057.79,17.3204101386153,1818.75417751736,17.3199255738099,1818.40137695313,17.3199255738099,0,0.111111111111111,0.888888888888889,0,0,0,0,0,0,0.12,0.88,0,0,0,0,0
"208",0,891,10.7238052947636,40.6666666666667,0.5,135.111119588216,15.4864824326295,659.333333333333,17.5071414000116,893.2,10.480139948175,34.76,7.67723908706769,136.52800994873,11.2911303242429,659.16,28.9765422367818,12916.005859375,10084.0202907986,17.3203797966887,10084.046796875,17.3203797966887,322.903683132595,17.3165143563227,323.730419921875,17.3165143563227,0,0.222222222222222,0.777777777777778,0,0,0,0,0,0,0.12,0.88,0,0,0,0,0
"197",0,832,3.20156211871642,9.55555555555556,3.20589734361189,149.511120266385,13.5333330063596,163.666666666667,16.665833312499,833.48,4.2142615011411,9.76,3.15277655408689,148.480009155273,13.8067616285165,162.72,28.0735937611604,13314.390625,10583.6412760417,17.32029461892,10583.6665625,17.32029461892,1108.30113389757,16.6471551902359,1104.69196289063,16.6471551902359,0,0,1,0,0,0,0,0,0,0,1,0,0,0,0,0
"076",0,863.888888888889,4.48454134902457,13.6666666666667,1.22474487139159,152.088892618815,3.86666870117188,353.111111111111,17.3525534464272,865.04,4.79131158104612,13.52,1.32664991614216,154.0480078125,9.18282423890475,353.16,28.7832126999981,12438.5537109375,9364.32942708333,17.3206916667781,9364.357890625,17.3206916667781,260.257041083442,17.3077139528549,260.774414672852,17.3077139528549,0,0,1,0,0,0,0,0,0,0,1,0,0,0,0,0
"043",0,785.222222222222,1.92209376577847,6,0,114.711113823785,13.5333342779253,80,17.3205080756888,784.32,4.33704968844029,6.88,4.42831796509691,119.176004638672,15.30341452614,80,28.8675134594813,1937.93701171875,190.440880669488,17.2859468605535,191.858080444336,17.2859468605535,1281.66558159722,17.3199232105775,1281.87368652344,17.3199232105775,0,0,1,0,0,0,0,0,0,0.04,0.96,0,0,0,0,0
"028",0,771.666666666667,1.73205080756888,5.33333333333333,2,113.866673787435,16.8589762699753,999.555555555556,17.2707202449052,773.84,4.20990894596704,5.84,1.88591268797542,107.900005493164,16.1549554050612,999.84,28.8193800534756,3019.02319335938,621.181769476997,17.316663778375,621.159926757813,17.316663778375,553.413648817274,17.3208144087562,553.895364990234,17.3208144087562,0,0.666666666666667,0.333333333333333,0,0,0,0,0,0,0.72,0.28,0,0,0,0,0
"079",0,767.555555555556,1.87823794493077,5,4.5,136.622224595812,15.4230959359569,84.2222222222222,15.4011182855156,765.48,4.2731721238443,6.4,3.86221007541882,136.476003112793,21.7389097182035,77.68,21.3008607024849,1989.09533691406,701.332153320312,17.3164458586328,701.71294921875,17.3164458586328,122.761511908637,17.1992127796711,125.026828613281,17.1992127796711,0,0.888888888888889,0.111111111111111,0,0,0,0,0,0.08,0.68,0.24,0,0,0,0,0
"030",0,675.555555555556,4.15665463777998,15.3333333333333,2,124.855564541287,17.2371083750605,3866.44444444444,17.256238807393,677.76,9.33755856742007,17.28,4.4955533585978,113.22000579834,20.9228780371653,3866.52,28.837360027113,763.67529296875,127.723259819878,17.2515313329247,128.701937866211,17.2515313329247,1004.5231391059,17.3189080891393,1002.88478759766,17.3189080891393,0,0.444444444444444,0.555555555555556,0,0,0,0,0,0.08,0.44,0.48,0,0,0,0,0
"037",0,702.888888888889,5.48735921105144,17,4.74341649025257,70.9111120435927,13.8357736422091,2801,17.3637553541853,700.4,7.72981241687016,16.44,4.9335585534176,79.5920018005371,23.1147864142427,2801.04,28.8581011156313,1185.32702636719,312.836456298828,17.321235472999,313.688198242188,17.321235472999,1537.09680175781,17.3203913123781,1537.2703125,17.3203913123781,0.333333333333333,0.666666666666667,0,0,0,0,0,0,0.32,0.56,0.12,0,0,0,0,0
"130",0,744.111111111111,7.06124005477162,29,7.03562363973514,47.6666662428114,5.50000012715665,2710.77777777778,17.2900099607966,747.04,12.9726635661301,30.16,6.68131723539603,49.7399995422363,8.94315399060725,2710.88,28.8953860215318,2127.58081054688,201.663431803385,17.2725762705086,202.805078125,17.2725762705086,129.099285549588,17.3218436638652,131.160420532227,17.3218436638652,1,0,0,0,0,0,0,0,0.96,0.04,0,0,0,0,0,0
"067",1,939.444444444444,3.87656778320434,12,1.5,95.8444434271918,27.2768292705737,1260,17.3205080756888,940.32,4.98096376216491,11.76,3.62031306196946,106.384002075195,32.1852195102586,1260.2,28.8704000665041,5828.84228515625,4426.54117838542,17.320417903705,4426.48150390625,17.320417903705,519.101850721571,17.3183974375023,519.615881347656,17.3183974375023,0.666666666666667,0.222222222222222,0.111111111111111,0,0,0,0,0,0.48,0.24,0.28,0,0,0,0,0
"120",1,838,3.278719262151,12,0,124.644449869792,32.1960875625421,1696.66666666667,17.5570498660794,839.16,4.1198705481281,10.48,1.75878746110306,130.35200592041,25.4596459093668,1696.76,28.8650307465625,6542.1171875,3825.11002604167,17.3205364205938,3825.17973632812,17.3205364205938,1500.6221110026,17.3200306932919,1500.79983398438,17.3200306932919,0.333333333333333,0.333333333333333,0.333333333333333,0,0,0,0,0,0.16,0.52,0.32,0,0,0,0,0
"034",1,893.111111111111,6.31356564162527,23.4444444444444,4.36208410943413,109.488890753852,18.1509311419669,2340.44444444444,17.2707202449052,895.72,8.61935805807679,23.52,4.36004587131833,112.420001525879,23.7541092205534,2337.92,25.7308504847132,7050.3974609375,3364.85763888889,17.3205843051324,3364.93686523438,17.3205843051324,993.109585232205,17.3203751636749,993.378112792969,17.3203751636749,0.333333333333333,0.666666666666667,0,0,0,0,0,0,0.36,0.52,0.12,0,0,0,0,0
"088",1,869.777777777778,2.99072640748773,11.6666666666667,2.5,106.922225952148,18.2014309640801,106.777777777778,16.6491574695071,870.12,4.26536438459053,11.12,2.80356915377524,112.588003540039,24.4203198331427,102.88,26.6040723699712,9291.09765625,456.313008626302,17.3421127394836,456.420054931641,17.3421127394836,1005.12022569444,17.3206628276035,1002.64116943359,17.3206628276035,0.111111111111111,0.666666666666667,0.222222222222222,0,0,0,0,0,0.12,0.56,0.32,0,0,0,0,0
"177",1,814.888888888889,3.40750805004348,13.6666666666667,2.5,76.3222245110406,29.302808515641,1202.88888888889,17.2369112984639,813.4,3.92640632979658,12.52,3.08382878902185,80.104002532959,27.7118756770367,1203.12,28.8506499060246,9271.056640625,715.696655273438,17.337113045292,715.875336914062,17.337113045292,933.952175564236,17.3206737925448,934.237661132812,17.3206737925448,0.555555555555556,0.333333333333333,0.111111111111111,0,0,0,0,0,0.44,0.44,0.12,0,0,0,0,0
"165",1,856.333333333333,5.33853912601566,16.3333333333333,3.1224989991992,105.555558946398,34.2760566713638,967.222222222222,17.2103005332401,856.4,6.37050495120546,15.88,3.01827765455731,100.176002349854,32.0711516070556,967.56,28.825740811527,8121.501953125,475.675167507595,17.3138526435685,476.237114257812,17.3138526435685,1557.77621799045,17.319920741988,1557.94743164062,17.319920741988,0.333333333333333,0.222222222222222,0.444444444444444,0,0,0,0,0,0.44,0.28,0.28,0,0,0,0,0
"018",0,830.222222222222,3.41971408811387,8.66666666666667,4.79583152331272,126.366674635145,13.6235114891467,1753.44444444444,17.3140918842941,831.64,4.3096790290384,8.28,4.73919824442912,127.17600769043,11.8956697660003,1753.64,28.9437385283933,11798.0078125,8414.19422743055,17.3205613358496,8414.2259375,17.3205613358496,804.653143988715,17.3203419760834,804.984543457031,17.3203419760834,0,0.222222222222222,0.777777777777778,0,0,0,0,0,0,0.16,0.84,0,0,0,0,0
"016",0,793.222222222222,6.97814047181944,25.6666666666667,0.5,151.055560641819,13.5062144847671,1547.77777777778,17.2465777603687,794.84,10.5343881328406,25.44,4.30193754797378,145.412006225586,19.5500716261859,1548.04,28.7973957155851,12156.908203125,9509.29351128472,17.3205334730501,9508.07046875,17.3205334730501,760.087748209635,17.318999868982,760.316062011719,17.318999868982,0,0.111111111111111,0.888888888888889,0,0,0,0,0,0,0.28,0.72,0,0,0,0,0
"096",0,829.444444444444,3.46810867444747,12,1.5,132.533340454102,18.1731268650811,2466.33333333333,17.3709527660402,828.4,5.19615242270663,12.36,3.55762092790486,132.836006469727,18.0051823197274,2466.24,28.7956593951241,11706.955078125,8240.453125,17.3205367690224,8240.485390625,17.3205367690224,226.666822645399,17.3182492166122,227.332877807617,17.3182492166122,0,0.222222222222222,0.777777777777778,0,0,0,0,0,0,0.2,0.8,0,0,0,0,0
"129",0,780.333333333333,3.8405728739343,12.6666666666667,0.5,146.933342827691,10.0458926283113,320,17.3205080756888,777.24,4.74587540221331,11.64,1.70489491367259,144.844008483887,13.3650063542125,320,28.8675134594813,9613.32421875,6387.82183159722,17.3205181679918,6387.86349609375,17.3205181679918,583.32383219401,17.319517428246,583.781091308594,17.319517428246,0,0,1,0,0,0,0,0,0,0.12,0.88,0,0,0,0,0
"116",0,733.222222222222,3.80058475033046,14,0,161.111119588216,3.86666870117188,1277.22222222222,17.3116851994381,733.28,5.40462764674866,13.04,1.27410099024109,156.81600769043,11.2102511587604,1277.6,28.9136645896019,10651.7421875,6307.00141059028,17.3204535424705,6307.0436328125,17.3204535424705,1707.70802137587,17.3200787355597,1707.86418457031,17.3200787355597,0,0,1,0,0,0,0,0,0,0.08,0.92,0,0,0,0,0
"180",0,767.777777777778,5.16666666666667,22.2222222222222,3.70060055186242,84.8777796427409,12.5694840103754,181.444444444444,17.1180541469461,767.32,10.6055017168763,22.92,3.79605057922046,89.936001739502,18.1322657503175,182.76,28.5923649482398,9291.3779296875,5467.74777560764,17.3204265742335,5467.7966015625,17.3204265742335,1153.89195421007,17.3203760199318,1154.12307617188,17.3203760199318,0,0.777777777777778,0.222222222222222,0,0,0,0,0,0.04,0.56,0.4,0,0,0,0,0
"185",1,792.111111111111,3.33333333333333,11.5555555555556,3.39525813124389,47.6666662428114,6.41404680083669,300.222222222222,17.326120294066,792.28,5.60892146495206,11.6,3.42782730020052,50.9519990539551,8.83841587044185,301,28.8617393793236,9856.271484375,781.195658365885,17.3206311230944,781.536965332031,17.3206311230944,1076.41380479601,17.3206206276719,1076.6615234375,17.3206206276719,1,0,0,0,0,0,0,0,1,0,0,0,0,0,0,0
"072",1,774.333333333333,6.42261628933256,16,6,77.1111128065321,14.6634301894636,764,17.4068951855292,772.08,6.97567201063811,16.44,7.14772691140337,82.736001739502,14.1923966338218,764.28,28.8437168201326,10668.2802734375,241.111690945095,17.2712539610637,240.928682250977,17.2712539610637,937.37220594618,17.3205906062587,937.656667480469,17.3205906062587,0.555555555555556,0.444444444444444,0,0,0,0,0,0,0.32,0.68,0,0,0,0,0,0
"108",1,776.222222222222,3.41971408811387,12,1.5,92.6777809990777,13.8578333653051,879.888888888889,17.2369112984639,777.56,5.60565190975442,11.6,3.30403793359984,93.6800035095215,23.5409079133591,880.16,28.8193800534756,11244.55859375,439.393591986762,17.3184583902243,439.98330078125,17.3184583902243,471.027492947049,17.3130755829678,471.595145263672,17.3130755829678,0.333333333333333,0.666666666666667,0,0,0,0,0,0,0.32,0.56,0.12,0,0,0,0,0
"098",1,847.666666666667,5.56776436283002,21,0,96.2888887193468,15.9969126035265,2078.44444444444,17.5578409201638,847.8,6.42261628933256,17.76,3.73363094051889,94.4879998779297,15.8184610772371,2078.6,28.9280717182002,3319.30712890625,3819.61048719618,17.2512837028689,3818.45099609375,17.2512837028689,1252.62391493056,17.3205445227876,1252.83678710938,17.3205445227876,0.888888888888889,0.111111111111111,0,0,0,0,0,0,0.88,0.12,0,0,0,0,0,0
"029",1,744.333333333333,4.03112887414928,14,0,99.3888914320204,16.2170048072384,1234,17.1901134376711,743.92,4.72511022799116,12.28,4.98765141791873,101.268003540039,21.727302998841,1234.16,28.8583898834753,3318.689453125,2801.83273654514,17.3205406694626,2801.9279296875,17.3205406694626,2485.61195203993,17.3203041062492,2485.71923828125,17.3203041062492,0,0.888888888888889,0.111111111111111,0,0,0,0,0,0,0.8,0.2,0,0,0,0,0
"091",1,772.666666666667,2.95803989154981,17.5,0,97.8388900756836,16.1069587053824,1656.22222222222,17.3739771789174,775.12,5.34103610422797,15.02,4.36064117921881,97.8780017089844,18.772882038039,1656.38,28.8932308008377,2315.01611328125,2489.05159505208,17.3204774074421,2489.11229492188,17.3204774074421,1869.11793348524,17.3204243145184,1869.27801269532,17.3204243145184,0.444444444444444,0.5,0.0555555555555555,0,0,0,0,0,0.44,0.46,0.1,0,0,0,0,0
"160",0,810.444444444444,3.67801274845232,10.4444444444444,2.35112266327765,117.600001017253,15.0979311959522,809.111111111111,17.3525534464272,810.84,7.48153281977252,10.16,2.32163735324878,125.596004943848,15.3300511047652,807.88,28.8795198482708,8331.728515625,3874.92795138889,17.3204473230608,3874.99677734375,17.3204473230608,2642.77628580729,17.3201977029557,2642.87720703125,17.3201977029557,0,0.333333333333333,0.666666666666667,0,0,0,0,0,0,0.28,0.72,0,0,0,0,0
"024",0,708.111111111111,4.93569763165362,19.3333333333333,2,79.5444467332628,16.7461271144602,344.111111111111,17.3525534464272,707.2,7.75134396948899,18.8,2.5,82.9320028686523,26.3849994329064,344.24,28.9687762944864,8111.6025390625,5059.23573133681,17.3205395732749,5059.288515625,17.3205395732749,2122.04305013021,17.3201185812653,2122.16870117188,17.3201185812653,0.111111111111111,0.555555555555556,0.333333333333333,0,0,0,0,0,0.16,0.48,0.36,0,0,0,0,0
"204",0,721.111111111111,2.31540733157497,6,0,143.06667582194,5.79999542236328,340,17.2409396495667,719.84,4.7406047434197,8.44,2.67830792354676,140.324009094238,16.2523668247215,339.44,28.2578602634146,9245.9990234375,5097.82958984375,17.3204857263089,5097.88189453125,17.3204857263089,2536.97984483507,17.3203341562272,2537.0849609375,17.3203341562272,0,0,1,0,0,0,0,0,0,0.2,0.8,0,0,0,0,0
"147",0,736.777777777778,0.97182531580755,2.33333333333333,0.5,119.455559624566,19.6666019809328,277.444444444444,17.2489935294143,737.08,1.7058722109232,3,1.08012344973464,125.552003173828,27.1728285462149,276.88,28.7319798598472,6632.5634765625,1347.24411349826,17.3198285413537,1347.31229492188,17.3198285413537,367.514305962457,17.3172369726661,368.011466064453,17.3172369726661,0,0.777777777777778,0.222222222222222,0,0,0,0,0,0.08,0.56,0.36,0,0,0,0,0
"150",0,721,1.22474487139159,4,0,38.3222230275472,6.27669832914479,377.333333333333,17.066048165876,721.32,2.7646579052992,4.88,1.98578280114753,37.2640007019043,29.4183036017862,376.04,28.6639727416374,7815.9384765625,36.6193525526259,15.537081205232,34.5972299194336,15.537081205232,922.099066840278,17.3185972448343,922.388479003906,17.3185972448343,0.111111111111111,0.888888888888889,0,0,0,0,0,0,0.04,0.68,0.04,0,0,0,0,0.24
"118",0,756,1,1.66666666666667,1,89.1888919406467,14.520027789664,735,17.2916164657906,756.4,2.3629078131263,3.28,2.22710574513201,87.1160021972656,13.6812762834404,735.4,28.853076092507,6673.125,555.937683105469,17.3192810123327,556.4175,17.3192810123327,746.604471842448,17.4486018813538,746.123811035156,17.4486018813538,0.333333333333333,0.666666666666667,0,0,0,0,0,0,0.4,0.6,0,0,0,0,0,0
"196",1,790.222222222222,4.40958551844098,12.3333333333333,2.5,91.7555558946398,9.90884807929691,1214.11111111111,17.3525534464272,787.36,5.31413210223457,11.44,4.67332857821917,92.6680015563965,19.7551834768177,1214.36,28.7835022191533,6109.484375,1878.47455512153,17.320163120503,1878.61652832031,17.320163120503,179.630962795681,17.3004755413385,180.933790893555,17.3004755413385,0,0.888888888888889,0.111111111111111,0,0,0,0,0,0.04,0.68,0.28,0,0,0,0,0
"151",1,753.222222222222,2.22361067735439,7.66666666666667,1,102.388893127441,21.6952467040363,2292.11111111111,17.2658944486265,752.48,3.17700068198503,7.44,2.00166597280032,96.8520034790039,21.5869610675338,2292.12,28.8953860215318,7464.1806640625,3232.50160047743,17.3203019145608,3232.58409179687,17.3203019145608,733.372233072917,16.9060130199393,730.801889648438,16.9060130199393,0,0.555555555555556,0.444444444444444,0,0,0,0,0,0,0.68,0.32,0,0,0,0,0
"172",1,742.444444444444,2.69773567603977,9.11111111111111,2.61937227425028,54.8666657341851,18.0446676939015,2406.33333333333,17.3709527660402,741.8,3.54729944229879,8.96,2.60576284415908,61.6080003356934,24.3263572574753,2406.04,28.7293113967831,7147.4326171875,3051.14187282986,17.3203905085958,3051.22927734375,17.3203905085958,1222.07473415799,17.3198166405209,1222.29300292969,17.3198166405209,0.777777777777778,0.222222222222222,0,0,0,0,0,0,0.6,0.4,0,0,0,0,0,0
"115",0,888.333333333333,2.91547594742265,13.5555555555556,6.20707481651202,131.300003899468,23.7316759619311,1120,17.3205080756888,884.04,6.30793151516407,14.48,5.95902676617583,135.652004394531,25.6276721755429,1120,28.8675134594813,9004.8935546875,7383.37760416667,17.3204661626198,7383.41376953125,17.3204661626198,1400.80929904514,17.3195770942473,1400.99973632812,17.3195770942473,0,0.444444444444444,0.555555555555556,0,0,0,0,0,0,0.4,0.6,0,0,0,0,0
"155",0,760.222222222222,7.74237976622462,32.6666666666667,4,141.300008138021,22.4882185307504,992.444444444444,17.256238807393,761.4,11.7756811551038,31.76,5.39505946831605,149.884006347656,23.2779691166454,992.84,28.871381447147,7702.94140625,6162.65098741319,17.3204355846806,6162.69419921875,17.3204355846806,286.822750515408,17.3002860499294,287.759226074219,17.3002860499294,0,0.111111111111111,0.888888888888889,0,0,0,0,0,0,0.12,0.88,0,0,0,0,0
"113",0,788.222222222222,9.21653104179899,32.4444444444444,3.32080980752855,168.844448513455,6.11373198440609,1388.88888888889,17.2803677944398,788.48,10.476640682967,32.28,3.34813380855664,166.112005004883,7.27508685369881,1388.88,28.5880511169731,8718.400390625,7356.75640190972,17.3204611700806,7356.79271484375,17.3204611700806,1178.07751464844,17.3205568949561,1178.3038671875,17.3205568949561,0,0,1,0,0,0,0,0,0,0,1,0,0,0,0,0
"054",0,852.555555555556,4.63980363569168,15.2222222222222,3.30823887354653,110.233338250054,7.1742597359796,1400,17.3205080756888,853.68,6.43376509777388,14.76,3.4554305086342,110.984004821777,12.0691308642808,1400,28.8675134594813,8879.037109375,6084.00092230903,17.3204864807139,6084.0447265625,17.3204864807139,300.444135877821,17.3201924832533,301.331337890625,17.3201924832533,0,0.888888888888889,0.111111111111111,0,0,0,0,0,0,0.68,0.32,0,0,0,0,0
"007",0,893.111111111111,10.4814651223534,38.7777777777778,4.11636301174282,86.3555569118924,40.2300606480337,805,17.2626765016321,892.88,14.5725769855575,39.16,3.89101529166874,112.216003112793,37.1369514962078,805.28,28.8437168201326,7520.013671875,4803.11008029514,17.320434344669,4803.16560546875,17.320434344669,233.80945163303,17.314264761222,234.951782836914,17.314264761222,0,0,1,0,0,0,0,0,0,0.04,0.96,0,0,0,0,0
"035",0,904.222222222222,6.20035841257943,24.5555555555556,1.81046341520004,161.111119588216,9.06813458733082,950.444444444444,17.4722001413038,904.24,12.1321885906872,24.8,2,157.760008544922,11.5999973297122,950.72,28.8581588694313,8510.3291015625,6024.10720486111,17.3204620246664,6024.15138671875,17.3204620246664,1069.14299858941,17.3193568821984,1069.39250732422,17.3193568821984,0,0,1,0,0,0,0,0,0,0,1,0,0,0,0,0
"135",0,761,1.11803398874989,5.66666666666667,3.42782730020052,155.955561319987,6.11374002649405,1275.11111111111,17.1787983023002,760.56,3.17647603485372,6.28,3.56510869399518,155.996005859375,10.2758828254123,1275.44,28.825740811527,10887.7587890625,7268.25059678819,17.3205490746174,7268.28724609375,17.3205490746174,1079.43741861979,16.3323485519947,1072.97782226563,16.3323485519947,0,0,1,0,0,0,0,0,0,0.04,0.96,0,0,0,0,0
"097",0,837,10.9316055545377,37.1111111111111,3.91932533876828,82.8777813381619,23.9886834017067,560.333333333333,17.3277234511635,834.52,12.062752588029,36.44,3.75366487582469,85.3040036010742,22.1338821200201,560.76,28.8318111351565,9651.4970703125,5807.36306423611,17.3204048372992,5807.40904296875,17.3204048372992,162.071485731337,17.3042578030274,163.25989074707,17.3042578030274,0,0.666666666666667,0.333333333333333,0,0,0,0,0,0,0.64,0.36,0,0,0,0,0
"026",0,903.444444444444,2.12785755580062,7,0,159.82223171658,7.73333231608073,1923.66666666667,17.1318416990118,903.48,5.78878225536252,9.56,3.37984220538967,155.904008789062,11.6386027301711,1923.84,28.8266080788797,9640.8349609375,6437.93950737847,17.3203747626377,6437.9809765625,17.3203747626377,471.027492947049,17.3130755829678,471.595145263672,17.3130755829678,0,0,1,0,0,0,0,0,0,0,1,0,0,0,0,0
"061",0,675.777777777778,3.38296385503074,12.6666666666667,1,106.977783203125,27.6811222321047,201.222222222222,17.1083150673713,677.56,4.58330303020286,13.12,1.42361043360417,115.072005310059,27.5972761888126,202.44,28.6866403284409,8861.4443359375,3593.92076280382,17.3203776874576,3593.9949609375,17.3203776874576,1764.72848849826,17.3205131012173,1764.879609375,17.3205131012173,0,0,1,0,0,0,0,0,0,0,1,0,0,0,0,0
"189",0,771.333333333333,11.6619037896906,41.3333333333333,5.5,24.01111263699,24.415388308619,737.555555555556,17.1399468429099,770.8,17.3132896931808,40.32,5.32071423776921,65.2360018920898,54.3029620991377,737.92,28.8572925502954,7586.177734375,4075.81483289931,17.3204390960867,4075.8802734375,17.3204390960867,796.659681532118,17.3205769912602,796.994377441406,17.3205769912602,0,0.444444444444444,0.555555555555556,0,0,0,0,0,0,0.4,0.6,0,0,0,0,0
"122",0,699,3.39116499156263,13.6666666666667,2.5,64.3999985588922,9.9215690986156,565.333333333333,17.3565549577098,700.36,5.57434600050385,14.04,2.44062833439806,76.6320001220703,17.5143942332986,565.64,28.8529028002383,7833.01318359375,2659.44856770833,17.3204423020299,2659.54885742187,17.3204423020299,781.195712619358,17.317902868742,781.537392578125,17.317902868742,0.777777777777778,0.222222222222222,0,0,0,0,0,0,0.48,0.48,0.04,0,0,0,0,0
"055",1,686.555555555556,3.60940130461795,13.6666666666667,5.43139024560011,123.800004747179,18.0565088810096,1400.33333333333,17.1537167984084,688.8,4.78713553878169,13.84,5.53534100123922,113.836004333496,19.845969207143,1400.48,28.8994232929771,10918.2509765625,1151.4628499349,17.3195188920817,1151.69452148437,17.3195188920817,1232.34195963542,17.3194681727715,1232.55842285156,17.3194681727715,0,0.666666666666667,0.333333333333333,0,0,0,0,0,0.08,0.68,0.24,0,0,0,0,0
"070",1,697,2.23606797749979,7.33333333333333,1.73205080756888,71.5555555555556,11.0239637961025,1738.77777777778,17.4052993207369,698.64,3.90384425918863,7.48,1.80554700852678,65.887999420166,9.2054479742165,1738.8,28.8024883184306,9552.826171875,1146.4146999783,17.3206158197384,1146.6473046875,17.3206158197384,424.578589545356,17.3102258571083,425.209008789063,17.3102258571083,0.777777777777778,0.222222222222222,0,0,0,0,0,0,0.92,0.08,0,0,0,0,0,0
"145",1,722,3.3166247903554,7.88888888888889,3.58623913189167,79.5888892279731,13.5231707724441,961.333333333333,17.3709527660402,719.2,5.29937103186155,7.88,3.62077339804634,77.9840005493164,15.0167342775091,961.76,28.8736904464947,10360.626953125,369.143653021918,17.3085021036799,369.869156494141,17.3085021036799,588.784193250868,17.3153594556737,589.237946777344,17.3153594556737,0.555555555555556,0.444444444444444,0,0,0,0,0,0,0.6,0.4,0,0,0,0,0,0
"023",1,802.111111111111,2.42097317438899,8.33333333333333,0.5,51.3333320617676,7.21318226038505,1691.55555555556,17.4435597794079,801.96,3.18171861316071,8.2,0.866025403784438,53.0639990234375,10.5186688835657,1691.76,28.8852326746154,8275.00390625,5430.17084418403,17.3118985437319,5429.5606640625,17.3118985437319,341.763153076172,17.253696363719,341.181125488281,17.253696363719,1,0,0,0,0,0,0,0,1,0,0,0,0,0,0,0
"125",1,721.888888888889,1.96497102042527,7.77777777777778,3.70060055186242,84.3888914320204,15.6037243967236,689,17.2554339267374,723.52,2.77067982030885,8.12,3.55105618091294,87.3320022583008,14.799910081161,689.08,28.9221944764455,8449.9296875,5380.17350260417,17.3204326960996,5380.2230078125,17.3204326960996,1368.3079562717,17.319727434453,1368.50289550781,17.319727434453,0.444444444444444,0.555555555555556,0,0,0,0,0,0,0.32,0.68,0,0,0,0,0,0
"187",1,770.666666666667,3.1224989991992,10.3333333333333,1,54.9999987284342,4.66690367687189,2079.33333333333,13.3977610069743,772.08,4.79513642489276,10.92,1.63095064303001,53.0639988708496,8.19038438810209,2071.56,20.4064532276761,7299.86328125,5390.75743272569,17.3206168571332,5390.80697265625,17.3206168571332,937.37220594618,17.3205906062587,937.656667480469,17.3205906062587,1,0,0,0,0,0,0,0,1,0,0,0,0,0,0,0
"195",0,690.333333333333,2.54950975679639,9,1.5,68.0666660732693,8.95419028734526,900,16.8002976164114,689.76,4.13602063179896,9.76,1.53514385862259,75.1160000610352,13.5464859652546,897.2,28.0965596945012,3523.0244140625,1216.82645670573,17.3200322677189,1217.04565429688,17.3200322677189,1496.35111490885,17.3196762455905,1496.52939453125,17.3196762455905,0.777777777777778,0.222222222222222,0,0,0,0,0,0,0.56,0.44,0,0,0,0,0,0
"066",0,639.666666666667,2.87228132326901,9,0,47.6666666666667,4.39999985694895,380,17.3205080756888,641.44,6.22548525551757,10.92,5.33010318849457,44.9519999694824,10.4984571819527,380.32,28.7890604223201,2291.0478515625,155.924704657661,17.2749250567204,156.724534912109,17.2749250567204,443.020161946615,17.314165673254,443.623419189453,17.314165673254,1,0,0,0,0,0,0,0,0.92,0.04,0,0,0,0,0,0.04
"210",0,685.666666666667,3,10,0,82.0666673448351,13.353934606638,142,17.1901134376711,686.8,3.45205252953466,9.92,1.95618676681616,84.148000793457,12.4491353665841,143.68,28.5375775659626,3580.22338867188,1395.51665581597,17.3202370100943,1395.70773925781,17.3202370100943,869.405951605903,17.3193192844199,869.712788085938,17.3193192844199,0.555555555555556,0.444444444444444,0,0,0,0,0,0,0.36,0.64,0,0,0,0,0,0
"186",0,692.777777777778,3.23178657161089,14.8888888888889,5.94652092497042,139.200008816189,8.20243758280562,196.888888888889,17.3957210575219,689,5.43905629069357,15.96,5.76974869470066,139.200008544922,8.20243758280555,198.48,28.7925337544302,6674.728515625,4541.61507161458,17.3205090013919,4541.67373046875,17.3205090013919,1342.48528374566,17.3204359537231,1342.68390625,17.3204359537231,0,0,1,0,0,0,0,0,0,0,1,0,0,0,0,0
"183",0,635.666666666667,1,1.88888888888889,1.76383420737639,133.288895501031,15.5367687252063,220,17.3205080756888,637.84,3.78241545400114,1.96,1.74355957741627,134.700004882812,23.8249527740283,218.28,27.7301280198992,5303.77197265625,3162.31985134549,17.3202537637335,3162.40415039063,17.3202537637335,784.516872829861,17.3186106734337,784.857009277344,17.3186106734337,0,0.111111111111111,0.888888888888889,0,0,0,0,0,0,0.16,0.84,0,0,0,0,0
"047",0,653.555555555556,3.5746017649212,9.33333333333333,4,115.588894314236,19.1037631683287,81.1111111111111,16.8704211894994,650.6,5.33072853057316,8.76,4.13602063179896,126.184007263184,20.258163672648,80.16,27.9652760877962,6078.97998046875,3989.0182562934,17.3204796545034,3989.08509765625,17.3204796545034,623.110480414497,17.3208358977767,623.538325195312,17.3208358977767,0.111111111111111,0.555555555555556,0.333333333333333,0,0,0,0,0,0.04,0.44,0.52,0,0,0,0,0
"094",1,696.222222222222,2.27913238852956,6,3.24037034920393,30.0666662851969,4.79478864098566,493.777777777778,17.3116851994381,694.72,4.61446999484592,5.72,3.31058907144937,31.9439994812012,6.78442318988207,494.36,28.8095470287195,8127.17041015625,3707.97336154514,17.3204431393146,3708.04532226563,17.3204431393146,851.038601345486,17.3199102102484,851.35197265625,17.3199102102484,1,0,0,0,0,0,0,0,1,0,0,0,0,0,0,0
"022",1,624.555555555556,0.881917103688197,3.88888888888889,2.02758751009941,103.122223748101,18.9638364774233,452,17.1464281994822,623.96,1.96807858921673,4.24,1.98494332412792,103.988001403809,18.5628325476117,452.16,28.8656081407154,6802.49951171875,3310.62934027778,17.3203516822383,3310.70989257813,17.3203516822383,510.163577609592,17.3139604328574,510.687513427734,17.3139604328574,0.444444444444444,0.555555555555556,0,0,0,0,0,0,0.4,0.56,0.04,0,0,0,0,0
"102",1,655.777777777778,2.38630351054606,6.66666666666667,1,94.3111139933268,16.5723017010583,1224.77777777778,17.1083150673713,656.52,3.8742741255621,7.84,1.59895799402819,88.0200022888184,16.010441564054,1221.04,25.1337754160943,7817.78076171875,2357.68245442708,17.3202598701748,2357.79557617187,17.3202598701748,782.474758572049,17.317274541976,782.815964355469,17.317274541976,0.111111111111111,0.777777777777778,0.111111111111111,0,0,0,0,0,0.24,0.72,0.04,0,0,0,0,0
"089",1,713.888888888889,1.36422546197874,2.77777777777778,1.20185042515466,47.6666658189562,18.6026873424673,1029.22222222222,17.3333333333333,714.6,1.84842275106824,2.84,1.28062484748657,49.8559996032715,21.2198232491192,1029.44,28.9195435648628,9693.5546875,1878.47455512153,17.320163120503,1878.61652832031,17.320163120503,41.8056869506836,16.8469606903067,46.7421801757813,16.8469606903067,0.888888888888889,0,0,0,0,0.111111111111111,0,0,0.76,0.12,0,0,0,0.12,0,0
"191",1,691.111111111111,2.08832734769028,6.66666666666667,0.5,75.4111111958822,12.3622874490355,1518.88888888889,17.4029052491563,692.24,2.68141753555839,6.04,1.09848380355227,71.8680001831055,24.8110484892257,1518.8,28.782228313087,8439.34765625,2677.43660481771,17.3205600393051,2677.53619140625,17.3205600393051,153.192196316189,17.2820417840565,154.95576965332,17.2820417840565,0.333333333333333,0.666666666666667,0,0,0,0,0,0,0.24,0.68,0,0,0,0.08,0,0
"013",1,704.555555555556,1.13038833052088,3.66666666666667,0.5,82.1999994913737,15.9056618740274,933.555555555556,17.3645552139344,704.28,1.1,3.16,0.94339811320566,80.5559994506836,15.5260040642096,933.76,28.841925502065,9625.05078125,3251.25613064236,17.3204765077381,3251.3381640625,17.3204765077381,213.228985256619,17.3227073415641,212.405825195313,17.3227073415641,0.777777777777778,0.222222222222222,0,0,0,0,0,0,0.76,0.24,0,0,0,0,0,0
"011",1,666.777777777778,2.22361067735439,7,1.5,55.022221883138,7.43871335401871,489,17.1901134376711,666.76,3.01772541273501,7.2,1.70782512765993,57.3279998779297,8.53617521931697,488.32,28.7122505793839,4831.03515625,3181.80249023438,17.3203771436842,3181.88625976562,17.3203771436842,2175.7451171875,17.3202871039398,2175.86768554687,17.3202871039398,0.888888888888889,0.111111111111111,0,0,0,0,0,0,0.8,0.2,0,0,0,0,0,0
"083",1,658.222222222222,0.833333333333333,2.77777777777778,0.833333333333333,34.4666667514377,4.40000025431315,184.666666666667,17.2264331769522,657.04,2.15019378971602,2.88,0.781024967590666,39.3880001831055,8.98106082150181,186.12,28.7551734475729,5045.046875,3334.34648980035,17.3204352300843,3334.426484375,17.3204352300843,2182.26182725694,17.320234111455,2182.38405273438,17.320234111455,1,0,0,0,0,0,0,0,0.88,0.12,0,0,0,0,0,0
"106",1,658.555555555556,2.35112266327765,8.33333333333333,1,57.2666676839193,11.9954171155667,735.555555555556,17.3645552139344,658.92,2.59679289380831,6.88,2.06801031589948,52.8240002441406,8.14459400277469,735.92,28.7284992066531,3695.4296875,2060.03236219618,17.3203294343186,2060.11651367188,17.3203294343186,1855.76577419705,17.320395155532,1855.90946777344,17.320395155532,0.666666666666667,0.333333333333333,0,0,0,0,0,0,0.88,0.12,0,0,0,0,0,0
"021",0,854.555555555556,3.20589734361189,13.6666666666667,3.70809924354783,90.255558013916,15.2660661831248,1302.33333333333,17.3925271309261,852.64,7.94187215543875,14.28,3.83536178215302,92.0600028991699,15.8796780761724,1302.48,28.9123964186068,6005.8134765625,3903.36610243056,17.3203545958778,3903.43439453125,17.3203545958778,796.65970187717,17.3197265696321,796.994514160156,17.3197265696321,0,0.444444444444444,0.555555555555556,0,0,0,0,0,0,0.32,0.68,0,0,0,0,0
"132",0,676.888888888889,2.20479275922049,8.88888888888889,7.88106027835793,139.266671074761,18.5609129756245,440.333333333333,17.3277234511635,679.08,5.15525621736366,10.04,7.84474346298208,144.088003845215,23.3761683131844,440.92,28.8168353571311,4680.93994140625,2751.41178385417,17.3204964269664,2751.50870117188,17.3204964269664,1215.01714409722,17.3203665564204,1215.236640625,17.3203665564204,0,0.555555555555556,0.444444444444444,0,0,0,0,0,0.04,0.32,0.64,0,0,0,0,0
"166",0,732.888888888889,5.96750459665605,16.6666666666667,5,137.911119249132,14.7238294071744,53.6666666666667,16.9115345252878,734.76,8.30301150185883,16.8,6.05530070819498,141.056005554199,20.0022924806642,52.8,27.60736616678,5665.20068359375,2929.89198133681,17.320362327631,2929.98296875,17.320362327631,1146.41471354167,17.3190574503154,1146.6474609375,17.3190574503154,0,0,1,0,0,0,0,0,0,0,1,0,0,0,0,0
"014",0,804,2.64575131106459,10,1.5,120.733339945475,13.9698794761272,702.333333333333,17.3709527660402,803.28,5.4735728733616,9.96,3.07516937202923,120.89200592041,23.8151920153622,702.72,28.8812511271009,4851.4326171875,2652.82237413194,17.3205412508937,2652.92291015625,17.3205412508937,377.712493896484,17.3185959964223,378.418774414063,17.3185959964223,0,0.333333333333333,0.666666666666667,0,0,0,0,0,0.04,0.24,0.72,0,0,0,0,0
"182",0,670.888888888889,5.3489355119604,19.4444444444444,1.0137937550497,96.0555580986871,14.5624638496504,505.666666666667,17.3060682998768,670.68,7.96722452719055,19.28,1.1,93.0120022583008,14.3058377428122,506.32,28.8685526712604,3568.76733398438,1770.95081922743,17.3200958187903,1771.10139160156,17.3200958187903,970.292107476128,17.3185405982387,970.567111816406,17.3185405982387,0.111111111111111,0.777777777777778,0.111111111111111,0,0,0,0,0,0.12,0.8,0.08,0,0,0,0,0
"157",0,713.444444444444,2.50554939639548,7.33333333333333,2.5,89.8777796427409,14.2206515819471,340.555555555556,17.234493835845,713.08,4.05092582010582,7.72,2.37205958328763,78.9120018005371,19.4966946310929,340.72,28.8466058084251,4789.40478515625,2473.9172905816,17.3202643184214,2474.02509765625,17.3202643184214,665.031372070312,17.3181479243933,665.432683105469,17.3181479243933,0,0.555555555555556,0.444444444444444,0,0,0,0,0,0.16,0.56,0.28,0,0,0,0,0
"126",0,744.444444444444,5.24669207956573,20,0,46.4444448682997,16.3498572009868,620.666666666667,17.3349358233597,744.12,10.2482518834515,21.48,2.04368947412924,52.7440007019043,17.6881583203202,621.12,28.8362040960087,7181.99169921875,3080.62760416667,17.3203618066556,3080.71418945313,17.3203618066556,1128.1252983941,17.320490367962,1128.36165527344,17.320490367962,0.666666666666667,0.333333333333333,0,0,0,0,0,0,0.64,0.32,0.04,0,0,0,0,0
"053",1,649.555555555556,1.74005108481843,6.33333333333333,0.5,49.1333325703939,8.15781756424482,765.111111111111,17.3525534464272,649.76,2.2781571499789,5.28,2.03141986469235,50.4239996337891,8.05632609906901,765.56,28.8560796598106,5930.1015625,1746.50124782986,17.3202349987087,1746.65395507812,17.3202349987087,832.506266276042,17.3203781295096,831.341242675781,17.3203781295096,1,0,0,0,0,0,0,0,1,0,0,0,0,0,0,0
"099",1,694.222222222222,6.75976659689108,25.8888888888889,1.69148192751537,100.077782524957,11.2064484300155,1144,17.3205080756888,694.36,9.43345111822815,25.88,1.76351920885484,108.888005371094,15.4053391313149,1144.12,28.8578700992756,6096.03955078125,2349.60989040799,17.3202089730932,2349.72338867188,17.3202089730932,538.76412624783,17.3170935972056,539.259653320313,17.3170935972056,0.111111111111111,0.888888888888889,0,0,0,0,0,0,0.04,0.84,0.12,0,0,0,0,0
"040",1,664.222222222222,1.85592145427667,6,0,74.4000002543132,11.2500019073486,480.666666666667,17.2191753577226,664.12,3.68917334913934,7.24,2.74286954362276,81.9960008239746,16.9401779643384,481.12,28.8506499060246,4171.7265625,2604.66254340278,17.3205579735898,2604.76489257812,17.3205579735898,472.251905653212,17.3322256711611,469.443077392578,17.3322256711611,0.333333333333333,0.666666666666667,0,0,0,0,0,0,0.28,0.64,0.08,0,0,0,0,0
"158",1,642.888888888889,1.96497102042527,5.44444444444444,1.87823794493077,82.4333339267307,9.69613387709391,1863.11111111111,17.1131852999701,643.28,3.07571129984594,5.16,1.8411952639522,86.0960009765625,10.3464368144131,1860.76,27.0436067614264,2818.10205078125,1811.23605685764,17.3729512993924,1809.73052734375,17.3729512993924,249.890168931749,17.299309772681,246.851198730469,17.299309772681,0.111111111111111,0.888888888888889,0,0,0,0,0,0,0.08,0.88,0.04,0,0,0,0,0
"080",1,644.222222222222,2.53859103528797,5.66666666666667,0.5,135.111119588216,15.4864824326295,532.444444444444,17.4220486102461,644.44,3.57164761233057,5.84,1.14309521329882,132.556007080078,19.528913382665,532.92,28.86884133456,3327.46142578125,1260.74054633247,17.3205917709816,1260.95204101562,17.3205917709816,876.736375596788,17.3197389809785,877.040607910156,17.3197389809785,0,0.222222222222222,0.777777777777778,0,0,0,0,0,0,0.28,0.72,0,0,0,0,0
"001",1,617.555555555556,1.58989866902824,4.33333333333333,1,74.8777787950304,9.58068225027571,1937.77777777778,15.6347191994114,618.16,2.24870333006972,4.16,2.03469899493758,78.0560003662109,14.9097032269887,1932,24.4948974278318,3967.08959960938,1921.00668674045,17.3199470741051,1921.14552734375,17.3199470741051,1621.19297960069,17.31976704836,1621.35752929688,17.31976704836,0.222222222222222,0.777777777777778,0,0,0,0,0,0,0.28,0.68,0.04,0,0,0,0,0
"073",1,607.444444444444,1.13038833052088,4.11111111111111,0.600925212577331,95.0666681925456,13.0208506749562,561.333333333333,17.3709527660402,607.24,2.33238075793812,4.08,0.640312423743285,88.1280014038086,17.6386084263593,561.8,28.824179664534,2780.28784179688,523.704952663845,17.3135341799973,524.215439453125,17.3135341799973,1003.3278266059,17.3185594603635,1003.59379882813,17.3185594603635,0,0.888888888888889,0.111111111111111,0,0,0,0,0,0.24,0.68,0.08,0,0,0,0,0
"085",1,604.444444444444,2.00693242979872,6.88888888888889,1.16666666666667,108.755560133192,19.4669680286841,867.888888888889,17.1569551818238,603.28,3.10268700752536,6.92,1.18743420870379,99.9440023803711,18.676191120801,868.36,28.832678219918,3944.64208984375,1100.12120225694,17.3204946878782,1100.36359375,17.3204946878782,580.574584960938,17.3145437009898,581.034904785156,17.3145437009898,0,0.444444444444444,0.555555555555556,0,0,0,0,0,0,0.6,0.4,0,0,0,0,0
"133",1,640.666666666667,3.57071421427143,12.3333333333333,1,79.1999986436632,9.9000002543134,582.111111111111,17.4100864762675,640.2,5.22015325445527,11.36,1.38082101181387,81.3799996948242,14.3737047707676,582.08,28.8645110819498,6762.4033203125,316.649183485243,17.3192459238951,316.682954101562,17.3192459238951,2404.21850585938,17.3202826736703,2404.32947265625,17.3202826736703,1,0,0,0,0,0,0,0,0.88,0.12,0,0,0,0,0,0
"101",1,630.666666666667,1.73205080756888,8,3.64005494464026,53.5333324008518,5.15945614297136,1145,17.1464281994822,632.04,3.1947874212014,8.6,3.64005494464026,50.4239990234375,8.27855022979066,1145.12,28.6811784974049,5402.6845703125,272.436459011502,17.3399114747454,272.696329345703,17.3399114747454,1773.77187771267,17.3204029505008,1773.92221191406,17.3204029505008,1,0,0,0,0,0,0,0,1,0,0,0,0,0,0,0
"163",1,698.555555555556,2.12785755580062,10.2222222222222,6.47645307590848,80.0555538601346,8.0416303053387,721,17.1464281994822,699.88,5.2624455658309,11.24,6.43739077577243,83.0159985351563,8.82920046131842,720.92,28.7835601226348,6272.00927734375,1420.65713161892,17.3195037226865,1420.84490234375,17.3195037226865,1705.5986735026,17.3205339465355,1705.75497070313,17.3205339465355,0.888888888888889,0.111111111111111,0,0,0,0,0,0,0.8,0.2,0,0,0,0,0,0
"041",0,647.333333333333,2.69258240356725,8.66666666666667,0.5,45.3333333333333,7.26911459588168,552.888888888889,17.3020551123591,645.4,3.75277674973257,8.84,2.1540659228538,51.4880003356934,15.5675242398186,553.4,28.8212884282897,2326.22021484375,744.490885416667,17.3198648299678,744.849130859375,17.3198648299678,816.006585015191,17.3179452773218,816.333679199219,17.3179452773218,0.666666666666667,0.333333333333333,0,0,0,0,0,0,0.6,0.4,0,0,0,0,0,0
"144",0,562.444444444444,1.66666666666667,6.66666666666667,5.5,76.0444446139865,34.0004097091075,698.111111111111,17.1350842166332,564.72,3.07571129984594,7.64,5.24309069156733,86.1720010375977,25.1616543655011,698.64,28.878885020028,923.958862304688,162.076836480035,17.247798509661,163.507942504883,17.247798509661,583.323961046007,17.3148337964259,583.782058105469,17.3148337964259,0.444444444444444,0.333333333333333,0.111111111111111,0,0,0,0,0.111111111111111,0.28,0.56,0.12,0,0,0,0,0.04
"049",0,615.666666666667,1.4142135623731,2.11111111111111,1.26929551764398,87.4666680230035,12.7635237514521,751,17.4284250579334,614.72,2.20831761000692,2.28,1.20830459735946,83.192000579834,14.4047440347615,751,28.9453508068797,1794.01782226562,200.665625678168,17.3196954529565,201.993537597656,17.3196954529565,762.53968641493,17.317104910359,762.889821777344,17.317104910359,0.222222222222222,0.777777777777778,0,0,0,0,0,0,0.36,0.64,0,0,0,0,0,0
"048",0,662.444444444444,2.96273147243853,11,0,163.688895331489,10.7643443891293,564.888888888889,17.0473197632681,662.76,3.7,10,2.32737334062816,151.416005859375,17.7409067275009,564.44,28.8300768873989,2699.66674804688,1693.95000542535,17.3201955604123,1694.1074609375,17.3201955604123,1234.93589952257,17.3200239405089,1235.15186523438,17.3200239405089,0,0,1,0,0,0,0,0,0,0.24,0.76,0,0,0,0,0
"178",0,664.222222222222,4.29469957557504,22.3333333333333,6.18465843842649,79.4333339267307,22.5186066735084,223.555555555556,17.5007936327978,659.76,7.92296240893098,23.44,5.92368128784795,84.9880024719238,28.2538284838933,224.96,28.7351120872473,1408.72290039062,1055.58831108941,17.3189086322658,1055.84109619141,17.3189086322658,1416.85097927517,17.3199154043875,1417.03922851562,17.3199154043875,0.555555555555556,0.333333333333333,0.111111111111111,0,0,0,0,0,0.4,0.36,0.24,0,0,0,0,0
"173",0,686,1.5,4.66666666666667,2.54950975679639,139.200005425347,17.4000015258791,716.555555555556,17.479352899286,688.56,3.44093010681705,5.04,2.35372045918796,133.388005981445,21.3567013110283,716.96,28.8739790584302,2578.77880859375,2182.53672960069,17.3203845571547,2182.316015625,17.3203845571547,712.625922309028,13.594831213157,705.984245605469,13.594831213157,0,0,1,0,0,0,0,0,0,0.08,0.92,0,0,0,0,0
"032",1,625.888888888889,1.83333333333333,6,0,42.5333332485623,4.79478955260193,1309.88888888889,17.2803677944398,625.16,2.54427461830152,5.52,1.73493515728975,40.6559999084473,13.0172348821847,1310.04,28.8508809801942,3636.83935546875,948.613016764323,17.3206312488076,948.894094238281,17.3206312488076,47.7391230265299,16.9144340182816,48.8229858398438,16.9144340182816,1,0,0,0,0,0,0,0,0.92,0,0,0,0,0.08,0,0
"039",1,608.777777777778,1.56347191994114,4.22222222222222,1.85592145427667,68.6222220526801,15.3503894255339,1985,17.4284250579334,608.68,1.24899959967968,3.92,1.77763888346312,71.576000213623,14.8738381401332,1985.24,28.8953283421386,2441.00390625,224.100223117405,17.3630576918363,224.665123291016,17.3630576918363,393.187472873264,13.3813850434538,386.11240234375,13.3813850434538,0.777777777777778,0.222222222222222,0,0,0,0,0,0,0.56,0.44,0,0,0,0,0,0
"063",1,622.666666666667,1.93649167310371,6.66666666666667,1,54.9999987284342,3.29999923706055,2302,17.5356779167502,623.04,3.38476980999693,6.84,1.28062484748657,54.1199989318848,3.81051089568493,2302.08,28.8731709377408,2561.44506835938,243.85979546441,17.2902108710184,244.965269165039,17.2902108710184,328.622300889757,12.5820711466519,320.705979003906,12.5820711466519,1,0,0,0,0,0,0,0,1,0,0,0,0,0,0,0
"017",1,619.555555555556,1.66666666666667,6.11111111111111,1.36422546197874,55.777778201633,11.5111666492301,1244.33333333333,17.4570902500961,619.52,4.43583889097279,6.36,1.41067359796659,58.3440003967285,13.4682067424118,1244.6,28.8270706107991,3460,550.515028211806,17.3165652585097,551.000087890625,17.3165652585097,1742.71819390191,17.320442104813,1742.87120117188,17.320442104813,0.777777777777778,0.222222222222222,0,0,0,0,0,0,0.68,0.32,0,0,0,0,0,0
"050",1,608.777777777778,2.72845092395748,9,0,34.466667175293,20.0127462740058,2238.33333333333,17.4785582929485,609.56,3.1235663378047,7.52,3.44141443789227,36.4400004577637,18.6954544451807,2238.6,28.9626195868629,2125.51171875,23.6672922770182,16.4268585686997,32.1579055786133,16.4268585686997,1074.36804199219,17.3198042010148,1074.61630126953,17.3198042010148,0.777777777777778,0,0,0,0,0,0,0.222222222222222,0.8,0.04,0,0,0,0,0,0.16
"137",1,606.222222222222,2.10818510677892,5.11111111111111,1.45296631451356,55.022221883138,8.13784070425666,2490,17.3637553541853,607.04,2.7459060435492,5.16,1.46287388383278,54.3999995422363,7.24200720065046,2490.12,28.8434279053883,3143.8193359375,146.522099812826,17.2534959778963,148.385165405273,17.2534959778963,369.143127441406,17.3211845557752,369.865063476563,17.3211845557752,0.888888888888889,0.111111111111111,0,0,0,0,0,0,0.92,0.08,0,0,0,0,0,0
"153",1,712.555555555556,5.79031758868007,19,0,64.4444448682997,12.8298603116067,733.111111111111,17.4960312960143,713.6,8.10349718742881,18.88,5.03587132480567,61.8200001525879,13.4073063842198,733.36,29.0027010236403,6114.3271484375,3688.83005099826,17.3205123288661,3688.90231445313,17.3205123288661,582.637790256076,17.3163391846038,583.096162109375,17.3163391846038,0.555555555555556,0.444444444444444,0,0,0,0,0,0,0.64,0.36,0,0,0,0,0,0
"139",1,659.111111111111,2.14734978778752,8,3,57.1999994913737,6.60000038146973,1396.77777777778,17.3333333333333,658.64,5.1630094583166,9.4,2.98607881119482,61.6079991149902,12.1976066786411,1396.96,28.8364352859364,5102.47021484375,3026.59320746528,17.3204400698282,3026.67603515625,17.3204400698282,305.068786621094,17.3109488047903,305.296845703125,17.3109488047903,1,0,0,0,0,0,0,0,0.88,0.12,0,0,0,0,0,0
"194",1,636.222222222222,3.15348132140408,9.44444444444444,1.58989866902824,56.033332824707,10.7642930436804,316.333333333333,17.3060682998768,636.28,4.66833303582053,9.16,1.54596248337403,58.2479995727539,11.5677401283722,316.8,28.7793328623163,6453.10009765625,4351.81184895833,17.3205008885828,4351.8731640625,17.3205008885828,930.51956515842,17.3196705857394,930.806232910156,17.3196705857394,0.888888888888889,0.111111111111111,0,0,0,0,0,0,0.84,0.16,0,0,0,0,0,0
"012",1,602.555555555556,3.90867979985286,14,0,55.7333318922255,3.47850462197642,599.222222222222,17.1812236014914,603.12,5.73236425918661,12.48,1.98158185969358,61.0519993591309,10.0294623502837,599.04,28.8912904984645,6719.38232421875,3642.67298719618,17.320468238192,3642.74622070312,17.320468238192,546.137993706597,17.3188235718348,546.626519775391,17.3188235718348,1,0,0,0,0,0,0,0,0.84,0.16,0,0,0,0,0,0
"176",1,591.555555555556,4.90181372328425,16.3333333333333,1,57.4999991522895,9.58592783783647,57.6666666666667,17.2916164657906,589.92,7.04698517097915,14.64,2.62805377925694,57.8839994812012,10.4066764410399,60.56,28.4137290759238,6481.67431640625,2624.93169487847,17.3205699225211,2625.03333984375,17.3205699225211,728.194105360243,17.3205055223366,724.012919921875,17.3205055223366,0.888888888888889,0.111111111111111,0,0,0,0,0,0,0.84,0.16,0,0,0,0,0,0
"202",1,629.444444444444,2.40370085030933,8.33333333333333,0.5,33,0,1086.55555555556,17.1618116111842,629.2,3.18852107828483,7.56,1.58324561160506,34.3199995422363,6.31901881158384,1086.76,28.8578123448978,5600.0361328125,2529.87483723958,17.3203244172685,2529.980234375,17.3203244172685,810.596530490451,17.3183316568783,810.92576171875,17.3183316568783,1,0,0,0,0,0,0,0,1,0,0,0,0,0,0,0
"015",1,608.666666666667,2.82842712474619,9.66666666666667,0.5,77.8222223917643,15.9397139027745,43.5555555555556,16.4249133263399,609.88,3.34564393403323,8.8,2.72335577306136,79.7200004577637,15.3567858120042,46.2,26.2805377925694,2054.77490234375,1171.94993760851,17.3200935796493,1172.17750976563,17.3200935796493,1385.8811984592,17.319956123338,1386.07365234375,17.319956123338,0.666666666666667,0.333333333333333,0,0,0,0,0,0,0.52,0.48,0,0,0,0,0,0
"154",1,589.111111111111,2.26077666104176,8,0,71.3999994066026,15.966921483889,23.5555555555556,16.3026923475166,588.68,3.05122926047847,7,2.29128784747792,81.7560012817383,17.6390481292835,30.52,20.7145681425738,2070.0966796875,340.979756673177,17.3033459965965,341.766710205078,17.3033459965965,1176.54863823785,17.319597863809,1176.77536621094,17.319597863809,0.666666666666667,0.333333333333333,0,0,0,0,0,0,0.44,0.56,0,0,0,0,0,0
"031",1,620.333333333333,1.3228756555323,5.22222222222222,1.56347191994114,64.533331129286,9.77701342270707,1058.77777777778,17.3549544639116,620.96,2.1694853460364,5.32,1.6,64.5679989624023,12.8036367065579,1058.96,28.8941747300963,790.253173828125,499.351877848307,16.6931715613257,496.630004882812,16.6931715613257,962.219672309028,17.3193531405835,962.496926269531,17.3193531405835,1,0,0,0,0,0,0,0,0.92,0.08,0,0,0,0,0,0
"117",0,660.444444444444,5.79031758868007,20.3333333333333,0.5,152.088897705078,15.8250162288938,828.111111111111,17.010617599344,660.48,11.3141504320917,21.56,3.46506373197762,146.908007202148,17.1333968413746,826.48,28.4123212708853,1998.1240234375,781.195712619358,17.317902868742,781.537392578125,17.317902868742,405.29830593533,17.3191623158543,405.956391601562,17.3191623158543,0,0,1,0,0,0,0,0,0,0.08,0.92,0,0,0,0,0
"004",0,735.777777777778,4.14661843487491,11,0,68.8777787950304,25.6590036802493,1576.66666666667,17.1610023017305,728.48,9.67867070762647,15.16,7.25534285888682,73.5400022888184,33.7668988651668,1576.88,28.9213300754535,720.902160644531,700,17.3205080756888,700.0572265625,17.3205080756888,749.844434950087,17.320752104319,750.199985351563,17.320752104319,0.222222222222222,0.333333333333333,0.444444444444444,0,0,0,0,0,0.2,0.4,0.4,0,0,0,0,0
"128",0,628.888888888889,3.9510898637099,17.1111111111111,9.6752835158,131.466674804688,5.80000305175781,2174.55555555556,17.4435597794079,632.64,7.50488729651108,17.52,9.60520692124849,143.376006774902,15.663579604205,2174.68,28.852671742261,1629.6318359375,940.354546440972,17.3195669709815,940.63822265625,17.3195669709815,1764.73071289062,17.0672752509908,1762.77945800781,17.0672752509908,0,0,1,0,0,0,0,0,0,0,1,0,0,0,0,0
"045",1,602.444444444444,2.55495161945931,9,0,41.8222223917643,14.0557630607725,161.666666666667,17.1026313764871,602.4,3.95811402901264,8.8,1.84842275106824,42.8839999389648,13.5521737982923,163.24,28.7058066135291,2697.1279296875,1125.99590386285,17.3192190862833,1126.23281738281,17.3192190862833,284.722052680122,17.3211999765228,285.657830200195,17.3211999765228,0.888888888888889,0.111111111111111,0,0,0,0,0,0,0.92,0.08,0,0,0,0,0,0
"009",1,556.333333333333,0.5,1.55555555555556,0.881917103688197,58.20000161065,10.3820775078308,18.6666666666667,16,556.48,1.29486163997034,1.64,0.860232526704263,61.1440010070801,12.3720825995605,25.28,18.02664694279,1390.86303710938,180.744523790148,17.2581284704351,182.25310546875,17.2581284704351,240.200312296549,13.8487346574106,233.422398681641,13.8487346574106,0.555555555555556,0.444444444444444,0,0,0,0,0,0,0.52,0.48,0,0,0,0,0,0
"175",1,598.777777777778,2.86259400621961,10.6666666666667,1,56.0333324008518,12.6265595692145,771.555555555556,17.2707202449052,598.16,5.49757522307183,11.56,2.34662878757307,54.2279992675781,11.6882250055827,771,28.1217590725284,2640.07568359375,420.79305352105,17.3164090022592,420.154339599609,17.3164090022592,408.248674180773,17.3102830776551,408.90427734375,17.3102830776551,0.888888888888889,0.111111111111111,0,0,0,0,0,0,0.96,0.04,0,0,0,0,0,0
"056",1,576.555555555556,3.32080980752855,11,2.34520787991171,43.2666659884983,4.79478955260193,879.444444444444,17.1981911193526,576.56,4.78783179877211,10.88,2.31516738055805,42.2399995422363,4.66690538522424,878.52,28.7244379115298,1548.45080566406,384.534339057075,17.3207707222538,385.227514648437,17.3207707222538,576.078803168403,17.3171761039701,576.542224121094,17.3171761039701,1,0,0,0,0,0,0,0,1,0,0,0,0,0,0,0
"105",1,542.222222222222,1.39443337755679,4.66666666666667,2.5,41.7999992370605,3.30000114440918,599.111111111111,17.4960312960143,543.8,2.25462487641145,5.24,2.84722086720835,54.7520018005371,13.0159895545273,599.56,28.8416365693766,1517.13549804688,278.328618367513,17.3155402783127,279.287972412109,17.3155402783127,990.084147135417,17.3206773454634,990.353471679687,17.3206773454634,1,0,0,0,0,0,0,0,0.44,0.52,0.04,0,0,0,0,0
"109",1,561.222222222222,2.10818510677892,8.33333333333333,1.22474487139159,87.4333343505859,8.97733195195132,758.555555555556,17.3501520966756,559.92,3.16122339187431,8.48,1.32664991614216,85.6920013427734,10.0029537682458,758.84,28.8800392428173,2473.47924804688,761.75237358941,17.3198200857067,762.102509765625,17.3198200857067,500.266767713759,17.3149390215807,500.800872802734,17.3149390215807,0,0.888888888888889,0.111111111111111,0,0,0,0,0,0,0.88,0.12,0,0,0,0,0
"143",1,589.111111111111,2.61937227425029,9.33333333333333,3.5,103.155561659071,9.16666666666666,298.333333333333,16.9484512566783,589.44,4.00083324654586,9.92,2.79761803444764,108.168005065918,17.0070502910965,296.28,28.2865103303088,3166.654296875,2582.84090169271,17.3201246853644,2582.94408203125,17.3201246853644,715.72809516059,17.3192587927776,716.100817871094,17.3192587927776,0,0.888888888888889,0.111111111111111,0,0,0,0,0,0.04,0.8,0.16,0,0,0,0,0
"168",1,566.666666666667,3.77491721763538,11.6666666666667,3.5,52.2333348592122,10.4336010915831,482,16.9558249578132,567.08,4.4992591982829,10.76,3.49141805001922,56.2440022277832,11.0593521977781,481.32,28.6512361571597,1814.08386230469,1206.09564887153,17.3191760490132,1206.31686035156,17.3191760490132,342.150482177734,17.3112173731107,342.932355957031,17.3112173731107,0.555555555555556,0.444444444444444,0,0,0,0,0,0,0.36,0.64,0,0,0,0,0,0
"093",1,556.333333333333,3,13.5555555555556,3.43187671366233,68.1000022888184,17.6745590602797,254.444444444444,17.3645552139344,558.2,4.54606056566195,14.16,3.26190128606002,69.7000021362305,12.6747789648323,255,28.9669351732857,2812.20556640625,1667.17325846354,17.3203723287646,1667.333203125,17.3203723287646,468.8994140625,17.3208436993639,469.467913818359,17.3208436993639,0.333333333333333,0.444444444444444,0.222222222222222,0,0,0,0,0,0.24,0.68,0.08,0,0,0,0,0
"036",1,572.333333333333,1,2,0,46.2000007629395,0,2387,17.3709527660402,572.68,1.51986841535707,2.52,1.29486163997034,48.3120001220703,4.13927467645091,2387.04,28.8176450576147,2857.58642578125,188.335074530707,17.2086435238198,185.063200683594,17.2086435238198,507.999721950955,15.1102867414407,502.985550537109,15.1102867414407,1,0,0,0,0,0,0,0,1,0,0,0,0,0,0,0
"199",1,556.444444444444,2.2973414586817,7.66666666666667,0.5,52.5111130608453,10.9181577461097,2956.11111111111,17.4960312960143,556,2.5,6.08,2.27156333832011,48.420001373291,22.3795491746672,2956.16,28.8410586953161,1852.61975097656,39.1136135525174,11.3530117427286,32.4468347167969,11.3530117427286,218.161554972331,14.3606784133769,210.559030761719,14.3606784133769,0.555555555555556,0.444444444444444,0,0,0,0,0,0,0.48,0.4,0,0,0,0,0,0.12
"058",1,567.555555555556,1.0137937550497,3,0,14.133333630032,22.4020094657065,1572,17.3205080756888,568.12,1.33291660154215,2.44,0.916515138991168,17.376000289917,22.7370899740798,1572.04,28.8797506914447,1527.416015625,6.66666666666667,10,11.2515960693359,10,699.904771592882,17.3198233329569,700.285834960937,17.3198233329569,0.222222222222222,0.111111111111111,0,0,0,0,0,0.666666666666667,0.28,0.12,0,0,0,0,0,0.6
